"Symbol","TransactionMtmPnl","PriorOpenMtmPnl","Commissions","Total"
"AAPL","1.156764674","5321.996387238","-8.51486285","5368.251318062"
"AMD","0","3970.528066","0","3970.528066"
"AMZN","-0.704717327","412.465024318","-5.276341537","406.483965454"
"BRK B","0.249568242","-206.645350578","-12.218854268","-218.614636604"
"COST","-0.300254583","25.795156309","-2.754998273","24.477917453"
"GOOG","-0.658027259","15421.050333091","-7.850959878","15460.531929955"
"KO","-0.138374579","140.948410697","-0.027565992","168.324227126"
"MSFT","-0.236195734","-107.965555247","-5.529140834","-104.897123815"
"NVDA","-1.718638255","1895.242504964","-9.775050477","1884.464455233"
"QQQM","-0.393029954","763.576496783","-6.556070914","767.171438916"
"VTI","2.822363321","5240.38967147","-41.007806614","5436.319344177"
"VXUS","0.072575817","1590.309012838","-40.434546498","1734.248328158"
"WM","0.219876733","-44.076411645","-0.017330647","-26.457254559"
"AUD","0","0","0","0"
"USD","-7.083306","-9207.19447512","0","-9214.27778112"
"","0","0","0","25656.554194435"
"CurrencyPrimary","Symbol","Quantity","CostBasisPrice","CostBasisMoney","MarkPrice","PositionValue"
"USD","AAPL","41.9335","160.514887787","6730.951047","300.23","12589.69"
"USD","AMD","8.9489","110.65989183","990.284306","424.1","3795.23"
"USD","AMZN","5.3293","204.034013473","1087.358468","264.14","1407.68"
"USD","BRK B","7.1211","421.855366587","3004.074251","482.7","3437.35"
"USD","COST","0.3361","992.840309432","333.693628","1048.95","352.55"
"USD","GOOG","46.4207","126.476443828","5871.125056","393.32","18258.19"
"USD","KO","10.6809","61.784725725","659.916477","80.82","863.23"
"USD","MSFT","2.6293","432.707789526","1137.718591","421.92","1109.35"
"USD","NVDA","16.3609","103.928945596","1700.371086","225.32","3686.44"
"USD","QQQM","7.4664","211.52415622","1579.32396","291.89","2179.37"
"USD","VTI","53.6007","260.712611757","13974.378489","362.74","19443.12"
"USD","VXUS","82.668","66.722107309","5515.783167","83.11","6870.54"
"USD","WM","4.0015","174.998595027","700.256878","219.82","879.61"
"CurrencyPrimary","Symbol","TradeDate","Quantity","TradePrice","OrigTradePrice","Buy/Sell"
"USD","AAPL","20250516","0.041","211.89","0","BUY"
"USD","AAPL","20250516","0.1183","211.150667","0","BUY"
"USD","AAPL","20250530","0.1256","198.955449","0","BUY"
"USD","AAPL","20250613","0.1268","197.159576","0","BUY"
"USD","AAPL","20250627","0.1239","201.702769","0","BUY"
"USD","AAPL","20250711","0.1185","210.954479","0","BUY"
"USD","AAPL","20250725","0.1166","214.340115","0","BUY"
"USD","AAPL","20250808","0.1118","223.491818","0","BUY"
"USD","AAPL","20250815","0.0381","233.43","0","BUY"
"USD","AAPL","20250822","0.1097","227.756976","0","BUY"
"USD","AAPL","20250905","0.1043","239.485556","0","BUY"
"USD","AAPL","20250919","0.1027","243.20875","0","BUY"
"USD","AAPL","20251003","0.0427","257.261743","0","BUY"
"USD","AAPL","20251017","0.0441","249.348925","0","BUY"
"USD","AAPL","20251031","0.0404","271.936022","0","BUY"
"USD","AAPL","20251114","0.0332","270.78","0","BUY"
"USD","AAPL","20251114","0.0402","273.088462","0","BUY"
"USD","AAPL","20251128","0.0397","276.510169","0","BUY"
"USD","AAPL","20251212","0.0394","278.500885","0","BUY"
"USD","AAPL","20251226","0.04","274.624171","0","BUY"
"USD","AAPL","20260109","0.0426","258.207911","0","BUY"
"USD","AAPL","20260123","0.0444","247.309306","0","BUY"
"USD","AAPL","20260206","0.0394","278.700635","0","BUY"
"USD","AAPL","20260213","0.0347","261.24","0","BUY"
"USD","AAPL","20260226","0.1282","272.844468","0","BUY"
"USD","AAPL","20260312","0.1368","255.80254","0","BUY"
"USD","AAPL","20260326","0.1375","254.361897","0","BUY"
"USD","AAPL","20260409","0.1353","258.582206","0","BUY"
"USD","AAPL","20260423","0.128","273.433831","0","BUY"
"USD","AAPL","20260507","0.1207","289.938475","0","BUY"
"USD","AAPL","20260515","0.0322","298.21","0","BUY"
"USD","AMZN","20250520","0.1224","204.084667","0","BUY"
"USD","AMZN","20250603","0.1206","207.164769","0","BUY"
"USD","AMZN","20250617","0.1156","216.232499","0","BUY"
"USD","AMZN","20250701","0.1138","219.665833","0","BUY"
"USD","AMZN","20250715","0.1103","226.628776","0","BUY"
"USD","AMZN","20250729","0.1078","231.898806","0","BUY"
"USD","AMZN","20250812","0.1128","221.526522","0","BUY"
"USD","AMZN","20250826","0.1097","227.793222","0","BUY"
"USD","AMZN","20250909","0.1057","236.47","0","BUY"
"USD","AMZN","20250923","0.1111","224.851817","0","BUY"
"USD","AMZN","20260227","0.0817","207.94034","0","BUY"
"USD","AMZN","20260313","0.0814","208.604893","0","BUY"
"USD","AMZN","20260327","0.0843","201.643112","0","BUY"
"USD","AMZN","20260410","0.0713","238.152707","0","BUY"
"USD","AMZN","20260424","0.065","261.25693","0","BUY"
"USD","AMZN","20260508","0.0624","272.325714","0","BUY"
"USD","BRK B","20250519","0.0586","511.937704","0","BUY"
"USD","BRK B","20250527","0.059","507.658782","0","BUY"
"USD","BRK B","20250602","0.0598","500.930032","0","BUY"
"USD","BRK B","20250609","0.0609","492.171752","0","BUY"
"USD","BRK B","20250616","0.0611","490.376743","0","BUY"
"USD","BRK B","20250623","0.0618","485.206828","0","BUY"
"USD","BRK B","20250630","0.0618","485.423229","0","BUY"
"USD","BRK B","20250707","0.0623","481.264589","0","BUY"
"USD","BRK B","20250714","0.0629","476.329427","0","BUY"
"USD","BRK B","20250721","0.0631","474.77","0","BUY"
"USD","BRK B","20250728","0.062","483.778079","0","BUY"
"USD","BRK B","20250804","0.0651","460.281033","0","BUY"
"USD","BRK B","20250811","0.0645","465.009871","0","BUY"
"USD","BRK B","20250819","0.0619","484.002037","0","BUY"
"USD","BRK B","20250825","0.0619","484.534557","0","BUY"
"USD","BRK B","20250902","0.0598","501.23738","0","BUY"
"USD","BRK B","20250908","0.0604","496.506567","0","BUY"
"USD","BRK B","20250915","0.061","491.386869","0","BUY"
"USD","BRK B","20250922","0.0609","492.155385","0","BUY"
"USD","BRK B","20260217","0.0377","503.12012","0","BUY"
"USD","BRK B","20260224","0.0385","492.356721","0","BUY"
"USD","BRK B","20260303","0.0397","478.557647","0","BUY"
"USD","BRK B","20260310","0.0383","495.707958","0","BUY"
"USD","BRK B","20260317","0.0385","492.952323","0","BUY"
"USD","BRK B","20260324","0.0394","481.229231","0","BUY"
"USD","BRK B","20260331","0.0398","477.125946","0","BUY"
"USD","BRK B","20260407","0.0398","477.282566","0","BUY"
"USD","BRK B","20260414","0.0397","478.22123","0","BUY"
"USD","BRK B","20260421","0.0402","471.879474","0","BUY"
"USD","BRK B","20260428","0.0398","477.349231","0","BUY"
"USD","BRK B","20260505","0.0407","466.656598","0","BUY"
"USD","BRK B","20260512","0.0392","484.269666","0","BUY"
"USD","COST","20250519","0.0001","1018.6","0","BUY"
"USD","COST","20250528","0.0196","1016.94","0","BUY"
"USD","COST","20250611","0.0199","1000.63","0","BUY"
"USD","COST","20250625","0.02","1000.01","0","BUY"
"USD","COST","20250709","0.0202","986.5","0","BUY"
"USD","COST","20250723","0.0212","940.25","0","BUY"
"USD","COST","20250806","0.0206","968.39","0","BUY"
"USD","COST","20250818","0.0002","974","0","BUY"
"USD","COST","20250820","0.0201","994.19","0","BUY"
"USD","COST","20250903","0.0213","938.44","0","BUY"
"USD","COST","20250917","0.0208","960.61","0","BUY"
"USD","COST","20251117","0.0004","922.46","0","BUY"
"USD","COST","20260217","0.0003","1028.14","0","BUY"
"USD","GOOG","20250523","0.1467","170.332318","0","BUY"
"USD","GOOG","20250606","0.1434","174.287631","0","BUY"
"USD","GOOG","20250617","0.0449","177.01","0","BUY"
"USD","GOOG","20250620","0.1463","170.846882","0","BUY"
"USD","GOOG","20250707","0.1402","178.255289","0","BUY"
"USD","GOOG","20250718","0.1343","186.084087","0","BUY"
"USD","GOOG","20250916","0.0318","252.32","0","BUY"
"USD","GOOG","20250930","0.0662","241.464172","0","BUY"
"USD","GOOG","20251014","0.0653","244.875352","0","BUY"
"USD","GOOG","20251028","0.0595","268.865862","0","BUY"
"USD","GOOG","20251111","0.0552","289.70586","0","BUY"
"USD","GOOG","20251125","0.0494","323.321063","0","BUY"
"USD","GOOG","20251209","0.0507","315.24","0","BUY"
"USD","GOOG","20251216","0.0264","306.19","0","BUY"
"USD","GOOG","20251223","0.0508","314.623973","0","BUY"
"USD","GOOG","20260106","0.0507","315.378982","0","BUY"
"USD","GOOG","20260120","0.0492","324.738733","0","BUY"
"USD","GOOG","20260203","0.0465","343.838974","0","BUY"
"USD","GOOG","20260226","0.1336","306.87881","0","BUY"
"USD","GOOG","20260312","0.1349","303.719608","0","BUY"
"USD","GOOG","20260317","0.0266","306.14","0","BUY"
"USD","GOOG","20260326","0.1441","284.344815","0","BUY"
"USD","GOOG","20260409","0.1306","313.702425","0","BUY"
"USD","GOOG","20260423","0.1211","338.331119","0","BUY"
"USD","GOOG","20260507","0.104","393.935843","0","BUY"
"USD","KO","20250702","0.063","71.65","0","BUY"
"USD","KO","20251002","0.0684","66.46","0","BUY"
"USD","KO","20251216","0.0642","71.18","0","BUY"
"USD","KO","20260402","0.0628","76.19","0","BUY"
"USD","MSFT","20250529","0.0436","458.610338","0","BUY"
"USD","MSFT","20250612","0.0419","476.766666","0","BUY"
"USD","MSFT","20250616","0.0025","476.75","0","BUY"
"USD","MSFT","20250626","0.0404","494.502414","0","BUY"
"USD","MSFT","20250710","0.0399","500.55","0","BUY"
"USD","MSFT","20250724","0.0392","509.922222","0","BUY"
"USD","MSFT","20250807","0.0381","524.285714","0","BUY"
"USD","MSFT","20250821","0.0396","505.04","0","BUY"
"USD","MSFT","20250904","0.0395","505.698824","0","BUY"
"USD","MSFT","20250912","0.0028","505.16","0","BUY"
"USD","MSFT","20250918","0.0392","509.705238","0","BUY"
"USD","MSFT","20251212","0.0034","481.68","0","BUY"
"USD","MSFT","20260220","0.0704","397.535479","0","BUY"
"USD","MSFT","20260306","0.0681","410.604312","0","BUY"
"USD","MSFT","20260313","0.0041","400.61","0","BUY"
"USD","MSFT","20260320","0.073","383.500299","0","BUY"
"USD","MSFT","20260406","0.0752","372.185714","0","BUY"
"USD","MSFT","20260417","0.0657","425.670229","0","BUY"
"USD","MSFT","20260501","0.0676","413.97645","0","BUY"
"USD","MSFT","20260515","0.0664","421.519591","0","BUY"
"USD","NVDA","20250527","0.1852","134.97567","0","BUY"
"USD","NVDA","20250610","0.1749","142.891667","0","BUY"
"USD","NVDA","20250624","0.17","147.016927","0","BUY"
"USD","NVDA","20250707","0.0006","158.28","0","BUY"
"USD","NVDA","20250708","0.1568","159.367713","0","BUY"
"USD","NVDA","20250722","0.1491","167.672735","0","BUY"
"USD","NVDA","20251002","0.1055","189.401344","0","BUY"
"USD","NVDA","20251003","0.0006","189.1","0","BUY"
"USD","NVDA","20251016","0.11","181.748096","0","BUY"
"USD","NVDA","20251030","0.0984","203.246923","0","BUY"
"USD","NVDA","20251113","0.107","186.845506","0","BUY"
"USD","NVDA","20251128","0.1123","177.972447","0","BUY"
"USD","NVDA","20251211","0.1118","178.755896","0","BUY"
"USD","NVDA","20251226","0.1045","191.310686","0","BUY"
"USD","NVDA","20251229","0.0006","186.4","0","BUY"
"USD","NVDA","20260108","0.1076","185.72838","0","BUY"
"USD","NVDA","20260122","0.1082","184.843076","0","BUY"
"USD","NVDA","20260205","0.115","173.819807","0","BUY"
"USD","NVDA","20260218","0.2594","188.883822","0","BUY"
"USD","NVDA","20260304","0.2683","182.618102","0","BUY"
"USD","NVDA","20260318","0.2688","182.258927","0","BUY"
"USD","NVDA","20260401","0.2781","176.136121","0","BUY"
"USD","NVDA","20260402","0.0007","172.33","0","BUY"
"USD","NVDA","20260415","0.247","198.372998","0","BUY"
"USD","NVDA","20260429","0.2331","210.139141","0","BUY"
"USD","NVDA","20260515","0.215","227.846053","0","BUY"
"USD","QQQM","20250522","0.0706","212.235096","0","BUY"
"USD","QQQM","20250529","0.0699","214.468315","0","BUY"
"USD","QQQM","20250605","0.0688","217.819697","0","BUY"
"USD","QQQM","20250612","0.0682","219.631963","0","BUY"
"USD","QQQM","20250620","0.0689","217.527129","0","BUY"
"USD","QQQM","20250626","0.0669","224.170684","0","BUY"
"USD","QQQM","20250630","0.007","226.78","0","BUY"
"USD","QQQM","20250703","0.0656","228.443435","0","BUY"
"USD","QQQM","20250710","0.0656","228.530339","0","BUY"
"USD","QQQM","20250926","0.0408","244.62911","0","BUY"
"USD","QQQM","20250929","0.0064","246.75","0","BUY"
"USD","QQQM","20251003","0.0481","249.174509","0","BUY"
"USD","QQQM","20251003","0.0401","249.174509","0","BUY"
"USD","QQQM","20251010","0.0401","248.995238","0","BUY"
"USD","QQQM","20251017","0.0404","247.392082","0","BUY"
"USD","QQQM","20251017","0.0485","247.392082","0","BUY"
"USD","QQQM","20251024","0.0393","254.116541","0","BUY"
"USD","QQQM","20251031","0.0384","259.896501","0","BUY"
"USD","QQQM","20251031","0.0461","259.896501","0","BUY"
"USD","QQQM","20251107","0.0401","249.026384","0","BUY"
"USD","QQQM","20251117","0.048","249.893726","0","BUY"
"USD","QQQM","20251128","0.0472","253.991446","0","BUY"
"USD","QQQM","20251212","0.0472","253.852656","0","BUY"
"USD","QQQM","20251226","0.0466","257.003839","0","BUY"
"USD","QQQM","20251229","0.0072","255.29","0","BUY"
"USD","QQQM","20260109","0.0466","257.034193","0","BUY"
"USD","QQQM","20260123","0.0468","256.210837","0","BUY"
"USD","QQQM","20260206","0.0481","249.281084","0","BUY"
"USD","QQQM","20260219","0.0402","248.245132","0","BUY"
"USD","QQQM","20260226","0.0398","250.983609","0","BUY"
"USD","QQQM","20260305","0.04","249.868219","0","BUY"
"USD","QQQM","20260312","0.0404","247.148749","0","BUY"
"USD","QQQM","20260319","0.0411","242.92955","0","BUY"
"USD","QQQM","20260326","0.0418","238.742367","0","BUY"
"USD","QQQM","20260330","0.0085","233.51","0","BUY"
"USD","QQQM","20260402","0.0418","239.117423","0","BUY"
"USD","QQQM","20260409","0.0399","250.062344","0","BUY"
"USD","QQQM","20260416","0.0379","263.249882","0","BUY"
"USD","QQQM","20260423","0.0371","268.825342","0","BUY"
"USD","QQQM","20260430","0.0365","273.260867","0","BUY"
"USD","QQQM","20260507","0.0348","287.2111","0","BUY"
"USD","QQQM","20260514","0.0337","296.152593","0","BUY"
"USD","VTI","20250521","0.2244","289.624793","0","BUY"
"USD","VTI","20250528","0.2238","290.406897","0","BUY"
"USD","VTI","20250604","0.2211","293.905073","0","BUY"
"USD","VTI","20250611","0.2188","297.013142","0","BUY"
"USD","VTI","20250618","0.2203","295.003588","0","BUY"
"USD","VTI","20250625","0.2169","299.653146","0","BUY"
"USD","VTI","20250702","0.2133","304.6065","0","BUY"
"USD","VTI","20250703","0.1161","307.02","0","BUY"
"USD","VTI","20250709","0.2118","306.830785","0","BUY"
"USD","VTI","20250716","0.212","306.463333","0","BUY"
"USD","VTI","20250723","0.2088","311.200605","0","BUY"
"USD","VTI","20250730","0.2075","313.13139","0","BUY"
"USD","VTI","20250806","0.2092","310.648267","0","BUY"
"USD","VTI","20250813","0.205","317.060976","0","BUY"
"USD","VTI","20250820","0.2077","312.923671","0","BUY"
"USD","VTI","20250827","0.204","318.544776","0","BUY"
"USD","VTI","20250903","0.2051","316.84044","0","BUY"
"USD","VTI","20250910","0.2017","322.155342","0","BUY"
"USD","VTI","20250917","0.1998","325.321081","0","BUY"
"USD","VTI","20250924","0.0832","327.474891","0","BUY"
"USD","VTI","20251001","0.083","327.979563","0","BUY"
"USD","VTI","20251002","0.1135","330.19","0","BUY"
"USD","VTI","20251008","0.0822","331.266355","0","BUY"
"USD","VTI","20251015","0.0828","328.906417","0","BUY"
"USD","VTI","20251022","0.0827","329.400785","0","BUY"
"USD","VTI","20251029","0.0805","338.203474","0","BUY"
"USD","VTI","20251105","0.0816","333.578012","0","BUY"
"USD","VTI","20251119","0.0837","325.469512","0","BUY"
"USD","VTI","20251126","0.0814","334.622395","0","BUY"
"USD","VTI","20251203","0.081","336.093796","0","BUY"
"USD","VTI","20251210","0.0809","336.713077","0","BUY"
"USD","VTI","20251217","0.0819","332.591427","0","BUY"
"USD","VTI","20251224","0.0803","339.061963","0","BUY"
"USD","VTI","20251226","0.1179","340.08","0","BUY"
"USD","VTI","20251231","0.0809","336.795267","0","BUY"
"USD","VTI","20260107","0.0798","341.131563","0","BUY"
"USD","VTI","20260114","0.0801","339.968287","0","BUY"
"USD","VTI","20260121","0.0807","337.550793","0","BUY"
"USD","VTI","20260128","0.0793","343.239345","0","BUY"
"USD","VTI","20260204","0.0804","338.6077","0","BUY"
"USD","VTI","20260211","0.0797","341.776323","0","BUY"
"USD","VTI","20260217","0.2378","336.313461","0","BUY"
"USD","VTI","20260224","0.2363","338.546246","0","BUY"
"USD","VTI","20260303","0.2398","333.608016","0","BUY"
"USD","VTI","20260310","0.2389","334.845762","0","BUY"
"USD","VTI","20260317","0.2417","330.95901","0","BUY"
"USD","VTI","20260324","0.2471","323.636741","0","BUY"
"USD","VTI","20260331","0.2514","318.124","0","BUY"
"USD","VTI","20260402","0.1378","319.11","0","BUY"
"USD","VTI","20260407","0.2473","323.453593","0","BUY"
"USD","VTI","20260415","0.2325","344.048206","0","BUY"
"USD","VTI","20260421","0.2287","349.716753","0","BUY"
"USD","VTI","20260428","0.2283","350.322405","0","BUY"
"USD","VTI","20260505","0.2242","356.740529","0","BUY"
"USD","VTI","20260512","0.2214","361.261356","0","BUY"
"USD","VXUS","20250521","1.0435","67.080736","0","BUY"
"USD","VXUS","20250528","1.0467","66.875108","0","BUY"
"USD","VXUS","20250604","1.0327","67.781771","0","BUY"
"USD","VXUS","20250611","1.0197","68.641512","0","BUY"
"USD","VXUS","20250618","1.0326","67.786233","0","BUY"
"USD","VXUS","20250625","0.3017","68.03","0","BUY"
"USD","VXUS","20250625","1.0314","67.863809","0","BUY"
"USD","VXUS","20250702","1.0133","69.077921","0","BUY"
"USD","VXUS","20250709","1.0106","69.259615","0","BUY"
"USD","VXUS","20250716","1.0189","68.700011","0","BUY"
"USD","VXUS","20250723","0.9897","70.723933","0","BUY"
"USD","VXUS","20250730","1.0099","69.312892","0","BUY"
"USD","VXUS","20250806","1.0055","69.61463","0","BUY"
"USD","VXUS","20250813","0.98","71.422821","0","BUY"
"USD","VXUS","20250820","0.9812","71.338666","0","BUY"
"USD","VXUS","20250827","0.983","71.209519","0","BUY"
"USD","VXUS","20250903","0.9867","70.938041","0","BUY"
"USD","VXUS","20250910","0.9638","72.625438","0","BUY"
"USD","VXUS","20250917","0.9489","73.765409","0","BUY"
"USD","VXUS","20250924","0.2635","73.09","0","BUY"
"USD","VXUS","20250924","0.3114","73.049798","0","BUY"
"USD","VXUS","20251001","0.3077","73.930147","0","BUY"
"USD","VXUS","20251008","0.3056","74.438642","0","BUY"
"USD","VXUS","20251015","0.3077","73.926588","0","BUY"
"USD","VXUS","20251022","0.3061","74.315428","0","BUY"
"USD","VXUS","20251029","0.301","75.562882","0","BUY"
"USD","VXUS","20251105","0.3061","74.308189","0","BUY"
"USD","VXUS","20251112","0.3002","75.764119","0","BUY"
"USD","VXUS","20251119","0.3108","73.189628","0","BUY"
"USD","VXUS","20251126","0.3052","74.526984","0","BUY"
"USD","VXUS","20251203","0.3036","74.915665","0","BUY"
"USD","VXUS","20251210","0.3018","75.377456","0","BUY"
"USD","VXUS","20251217","0.302","75.317432","0","BUY"
"USD","VXUS","20251224","1.03","75.62","0","BUY"
"USD","VXUS","20251224","0.3009","75.587342","0","BUY"
"USD","VXUS","20251231","0.3013","75.496086","0","BUY"
"USD","VXUS","20260107","0.2941","77.346734","0","BUY"
"USD","VXUS","20260114","0.2904","78.316411","0","BUY"
"USD","VXUS","20260121","0.2906","78.28603","0","BUY"
"USD","VXUS","20260128","0.2819","80.676419","0","BUY"
"USD","VXUS","20260204","0.2824","80.541324","0","BUY"
"USD","VXUS","20260211","0.2747","82.78877","0","BUY"
"USD","VXUS","20260218","0.9072","82.669379","0","BUY"
"USD","VXUS","20260225","0.892","84.078567","0","BUY"
"USD","VXUS","20260304","0.9368","80.055025","0","BUY"
"USD","VXUS","20260311","0.9502","78.927441","0","BUY"
"USD","VXUS","20260318","0.9618","77.976223","0","BUY"
"USD","VXUS","20260325","0.0658","77.17","0","BUY"
"USD","VXUS","20260325","0.9729","77.081894","0","BUY"
"USD","VXUS","20260401","0.9599","78.128189","0","BUY"
"USD","VXUS","20260408","0.9234","81.215132","0","BUY"
"USD","VXUS","20260415","0.9084","82.561597","0","BUY"
"USD","VXUS","20260422","0.9092","82.48642","0","BUY"
"USD","VXUS","20260429","0.9218","81.357181","0","BUY"
"USD","VXUS","20260506","0.8783","85.38398","0","BUY"
"USD","VXUS","20260515","0.9013","83.212775","0","BUY"
"USD","WM","20250623","0.0119","232.07","0","BUY"
"USD","WM","20250929","0.0127","217.87","0","BUY"
"USD","WM","20251222","0.0129","216.2","0","BUY"
"USD","WM","20260330","0.0141","226.36","0","BUY"
"USD","AUD.USD","20250516","-13.56","0.63992","0","SELL"
"USD","AUD.USD","20250516","-0.02","0.6408","0","SELL"
"USD","AUD.USD","20250516","-0.18","0.64008","0","SELL"
"USD","AUD.USD","20250516","-39.01","0.6401","0","SELL"
"USD","AUD.USD","20250516","-0.00965753","0.64009207","0","SELL"
"USD","AUD.USD","20250516","-0.00511137","0.64007454","0","SELL"
"USD","AUD.USD","20250519","-0.16","0.64339","0","SELL"
"USD","AUD.USD","20250519","-0.47","0.64514","0","SELL"
"USD","AUD.USD","20250519","-46.49","0.64515","0","SELL"
"USD","AUD.USD","20250519","-0.00843254","0.64554106","0","SELL"
"USD","AUD.USD","20250519","0.00482371","0.64592327","0","BUY"
"USD","AUD.USD","20250520","-0.38","0.64114","0","SELL"
"USD","AUD.USD","20250520","-38.96","0.64115","0","SELL"
"USD","AUD.USD","20250520","-0.00960979","0.64226798","0","SELL"
"USD","AUD.USD","20250520","-0.00118212","0.64227262","0","SELL"
"USD","AUD.USD","20250521","-108.81","0.64315","0","SELL"
"USD","AUD.USD","20250521","-1.09","0.64314","0","SELL"
"USD","AUD.USD","20250521","-0.02","0.64315","0","SELL"
"USD","AUD.USD","20250521","-1","0.64339","0","SELL"
"USD","AUD.USD","20250521","-101.02","0.6434","0","SELL"
"USD","AUD.USD","20250521","-0.00862692","0.64347838","0","SELL"
"USD","AUD.USD","20250521","-0.00041814","0.64348264","0","SELL"
"USD","AUD.USD","20250522","-0.22","0.64096","0","SELL"
"USD","AUD.USD","20250522","-23.39","0.64092","0","SELL"
"USD","AUD.USD","20250522","0.01141697","0.64124045","0","BUY"
"USD","AUD.USD","20250522","-0.01377866","0.64084786","0","SELL"
"USD","AUD.USD","20250523","-0.37","0.64902","0","SELL"
"USD","AUD.USD","20250523","-38.5","0.64905","0","SELL"
"USD","AUD.USD","20250523","-0.01501135","0.64929947","0","SELL"
"USD","AUD.USD","20250527","-0.38","0.64418","0","SELL"
"USD","AUD.USD","20250527","-38.81","0.64419","0","SELL"
"USD","AUD.USD","20250527","-0.47","0.64438","0","SELL"
"USD","AUD.USD","20250527","-46.48","0.64439","0","SELL"
"USD","AUD.USD","20250527","-0.00183828","0.64402964","0","SELL"
"USD","AUD.USD","20250527","0.0044984","0.64442472","0","BUY"
"USD","AUD.USD","20250528","-31.05","0.64199","0","SELL"
"USD","AUD.USD","20250528","-0.3","0.64199","0","SELL"
"USD","AUD.USD","20250528","-101.19","0.64219","0","SELL"
"USD","AUD.USD","20250528","-1.02","0.64218","0","SELL"
"USD","AUD.USD","20250528","-1.1","0.64203","0","SELL"
"USD","AUD.USD","20250528","-109.01","0.64204","0","SELL"
"USD","AUD.USD","20250528","-0.02","0.64204","0","SELL"
"USD","AUD.USD","20250528","0.00709634","0.64281317","0","BUY"
"USD","AUD.USD","20250528","-0.00723229","0.64243741","0","SELL"
"USD","AUD.USD","20250529","-0.3","0.64471","0","SELL"
"USD","AUD.USD","20250529","-31.02","0.64472","0","SELL"
"USD","AUD.USD","20250529","-0.24","0.64456","0","SELL"
"USD","AUD.USD","20250529","-23.24","0.64457","0","SELL"
"USD","AUD.USD","20250529","-0.01199481","0.64400829","0","SELL"
"USD","AUD.USD","20250529","-0.00274112","0.6439988","0","SELL"
"USD","AUD.USD","20250530","-0.38","0.64401","0","SELL"
"USD","AUD.USD","20250530","-38.81","0.64404","0","SELL"
"USD","AUD.USD","20250530","-0.00804147","0.64291971","0","SELL"
"USD","AUD.USD","20250530","0.00992954","0.64333361","0","BUY"
"USD","AUD.USD","20250602","-0.45","0.64908","0","SELL"
"USD","AUD.USD","20250602","-46.15","0.64909","0","SELL"
"USD","AUD.USD","20250602","-0.01150692","0.6494273","0","SELL"
"USD","AUD.USD","20250602","-0.0001731","0.64943621","0","SELL"
"USD","AUD.USD","20250603","-0.38","0.64603","0","SELL"
"USD","AUD.USD","20250603","-38.67","0.64604","0","SELL"
"USD","AUD.USD","20250603","-0.00674118","0.64600816","0","SELL"
"USD","AUD.USD","20250603","-0.00263823","0.64601715","0","SELL"
"USD","AUD.USD","20250604","-1.08","0.64953","0","SELL"
"USD","AUD.USD","20250604","-0.02","0.64954","0","SELL"
"USD","AUD.USD","20250604","-107.74","0.64954","0","SELL"
"USD","AUD.USD","20250604","-0.99","0.64913","0","SELL"
"USD","AUD.USD","20250604","-0.02","0.64914","0","SELL"
"USD","AUD.USD","20250604","-100.1","0.64914","0","SELL"
"USD","AUD.USD","20250604","0.00874746","0.64940537","0","BUY"
"USD","AUD.USD","20250604","-0.00883356","0.64900645","0","SELL"
"USD","AUD.USD","20250605","-0.22","0.65079","0","SELL"
"USD","AUD.USD","20250605","-23.03","0.6508","0","SELL"
"USD","AUD.USD","20250605","-0.01028687","0.65027706","0","SELL"
"USD","AUD.USD","20250605","0.00296436","0.65067891","0","BUY"
"USD","AUD.USD","20250606","-0.37","0.6495","0","SELL"
"USD","AUD.USD","20250606","-38.49","0.64953","0","SELL"
"USD","AUD.USD","20250606","0.0116458","0.64945429","0","BUY"
"USD","AUD.USD","20250606","-0.01482212","0.64903399","0","SELL"
"USD","AUD.USD","20250609","-45.98","0.65174","0","SELL"
"USD","AUD.USD","20250609","-0.45","0.65173","0","SELL"
"USD","AUD.USD","20250609","-0.02","0.65174","0","SELL"
"USD","AUD.USD","20250609","0.01040217","0.65181622","0","BUY"
"USD","AUD.USD","20250609","-0.0099121","0.65141597","0","SELL"
"USD","AUD.USD","20250610","-0.37","0.65193","0","SELL"
"USD","AUD.USD","20250610","-38.35","0.65194","0","SELL"
"USD","AUD.USD","20250610","-0.01336144","0.65198579","0","SELL"
"USD","AUD.USD","20250610","0.01555281","0.65238638","0","BUY"
"USD","AUD.USD","20250611","-30.58","0.65104","0","SELL"
"USD","AUD.USD","20250611","-0.3","0.65103","0","SELL"
"USD","AUD.USD","20250611","-1.08","0.64978","0","SELL"
"USD","AUD.USD","20250611","-107.7","0.64979","0","SELL"
"USD","AUD.USD","20250611","-0.02","0.64979","0","SELL"
"USD","AUD.USD","20250611","-1.01","0.64938","0","SELL"
"USD","AUD.USD","20250611","-0.02","0.64939","0","SELL"
"USD","AUD.USD","20250611","-100.05","0.64939","0","SELL"
"USD","AUD.USD","20250611","0.00608926","0.65027465","0","BUY"
"USD","AUD.USD","20250611","-0.00634404","0.64989479","0","SELL"
"USD","AUD.USD","20250612","-0.3","0.65201","0","SELL"
"USD","AUD.USD","20250612","-30.64","0.65202","0","SELL"
"USD","AUD.USD","20250612","-22.96","0.65242","0","SELL"
"USD","AUD.USD","20250612","-0.23","0.65241","0","SELL"
"USD","AUD.USD","20250612","-0.00597483","0.65307215","0","SELL"
"USD","AUD.USD","20250612","0.00311078","0.65347459","0","BUY"
"USD","AUD.USD","20250613","-37.03","0.64864","0","SELL"
"USD","AUD.USD","20250613","-0.02","0.64864","0","SELL"
"USD","AUD.USD","20250613","-1.49168434","0.64874465","0","SELL"
"USD","AUD.USD","20250613","1.49436579","0.649102","0","BUY"
"USD","AUD.USD","20250616","-1","0.65263","0","SELL"
"USD","AUD.USD","20250616","-0.83","0.65262","0","SELL"
"USD","AUD.USD","20250616","-34.17","0.65269","0","SELL"
"USD","AUD.USD","20250616","0.00308447","0.65259511","0","BUY"
"USD","AUD.USD","20250617","-12","0.65193","0","SELL"
"USD","AUD.USD","20250617","-0.18","0.65193","0","SELL"
"USD","AUD.USD","20250617","-0.02","0.65194","0","SELL"
"USD","AUD.USD","20250617","-38.64","0.64673","0","SELL"
"USD","AUD.USD","20250617","-0.39","0.64672","0","SELL"
"USD","AUD.USD","20250617","-0.00159485","0.64738739","0","SELL"
"USD","AUD.USD","20250617","-0.00880336","0.64737822","0","SELL"
"USD","AUD.USD","20250618","-107.73","0.64965","0","SELL"
"USD","AUD.USD","20250618","-1.08","0.64963","0","SELL"
"USD","AUD.USD","20250618","-0.99","0.64943","0","SELL"
"USD","AUD.USD","20250618","-100.08","0.64945","0","SELL"
"USD","AUD.USD","20250618","-0.00826117","0.65064381","0","SELL"
"USD","AUD.USD","20250618","-0.00246537","0.65066474","0","SELL"
"USD","AUD.USD","20250620","-19","0.64387","0","SELL"
"USD","AUD.USD","20250620","-0.18","0.64386","0","SELL"
"USD","AUD.USD","20250620","-0.02","0.64479","0","SELL"
"USD","AUD.USD","20250620","-39.17","0.64474","0","SELL"
"USD","AUD.USD","20250620","3.67407989","0.64510435","0","BUY"
"USD","AUD.USD","20250620","-3.6692417","0.64474674","0","SELL"
"USD","AUD.USD","20250623","-4.33","0.63839","0","SELL"
"USD","AUD.USD","20250623","-0.47","0.64509","0","SELL"
"USD","AUD.USD","20250623","-46.47","0.64509","0","SELL"
"USD","AUD.USD","20250623","-0.00818406","0.64570805","0","SELL"
"USD","AUD.USD","20250624","-7.25","0.64969","0","SELL"
"USD","AUD.USD","20250624","-0.00394866","0.64874735","0","SELL"
"USD","AUD.USD","20250625","-0.04","0.65001","0","SELL"
"USD","AUD.USD","20250625","-31","0.64791","0","SELL"
"USD","AUD.USD","20250625","-0.6","0.64791","0","SELL"
"USD","AUD.USD","20250625","-0.08","0.64789","0","SELL"
"USD","AUD.USD","20250625","-0.3","0.64878","0","SELL"
"USD","AUD.USD","20250625","-30.81","0.64879","0","SELL"
"USD","AUD.USD","20250625","-0.99","0.65098","0","SELL"
"USD","AUD.USD","20250625","-99.85","0.65099","0","SELL"
"USD","AUD.USD","20250625","-1.08","0.65078","0","SELL"
"USD","AUD.USD","20250625","-107.55","0.65079","0","SELL"
"USD","AUD.USD","20250625","-0.00848998","0.65110481","0","SELL"
"USD","AUD.USD","20250625","-0.00391167","0.65109502","0","SELL"
"USD","AUD.USD","20250626","-0.29","0.65537","0","SELL"
"USD","AUD.USD","20250626","-30.49","0.65538","0","SELL"
"USD","AUD.USD","20250626","-0.23","0.65467","0","SELL"
"USD","AUD.USD","20250626","-22.91","0.65468","0","SELL"
"USD","AUD.USD","20250626","0.00968017","0.65481429","0","BUY"
"USD","AUD.USD","20250626","-0.01394025","0.65441416","0","SELL"
"USD","AUD.USD","20250627","-36.31","0.65075","0","SELL"
"USD","AUD.USD","20250627","-2.08650372","0.65288193","0","SELL"
"USD","AUD.USD","20250627","2.08197243","0.65326733","0","BUY"
"USD","AUD.USD","20250630","-2.42","0.65325","0","SELL"
"USD","AUD.USD","20250630","-0.46","0.65753","0","SELL"
"USD","AUD.USD","20250630","-45.62","0.65754","0","SELL"
"USD","AUD.USD","20250630","-0.01199927","0.6578844","0","SELL"
"USD","AUD.USD","20250701","-31.54","0.65694","0","SELL"
"USD","AUD.USD","20250701","-6.50070501","0.65809542","0","SELL"
"USD","AUD.USD","20250701","6.48462491","0.6584833","0","BUY"
"USD","AUD.USD","20250702","-6.89","0.654","0","SELL"
"USD","AUD.USD","20250702","-0.02","0.65497","0","SELL"
"USD","AUD.USD","20250702","-53.23","0.65818","0","SELL"
"USD","AUD.USD","20250702","-0.02","0.65818","0","SELL"
"USD","AUD.USD","20250702","-99.65","0.65843","0","SELL"
"USD","AUD.USD","20250702","-0.01157866","0.65818529","0","SELL"
"USD","AUD.USD","20250703","-0.05","0.65643","0","SELL"
"USD","AUD.USD","20250703","-54.29","0.65645","0","SELL"
"USD","AUD.USD","20250703","-0.08","0.65673","0","SELL"
"USD","AUD.USD","20250703","-22.81","0.65675","0","SELL"
"USD","AUD.USD","20250703","0.01498727","0.65729648","0","BUY"
"USD","AUD.USD","20250703","-0.01792195","0.65692286","0","SELL"
"USD","AUD.USD","20250707","-0.15","0.65025","0","SELL"
"USD","AUD.USD","20250707","-0.45","0.64964","0","SELL"
"USD","AUD.USD","20250707","-46.15","0.64964","0","SELL"
"USD","AUD.USD","20250707","-38.47","0.64954","0","SELL"
"USD","AUD.USD","20250707","-0.39","0.64954","0","SELL"
"USD","AUD.USD","20250707","-0.00449394","0.64889933","0","SELL"
"USD","AUD.USD","20250707","-0.00644729","0.64889338","0","SELL"
"USD","AUD.USD","20250708","-0.37","0.65234","0","SELL"
"USD","AUD.USD","20250708","-38.31","0.65234","0","SELL"
"USD","AUD.USD","20250708","0.00350254","0.65324023","0","BUY"
"USD","AUD.USD","20250708","-0.01306135","0.65284272","0","SELL"
"USD","AUD.USD","20250709","-0.3","0.6526","0","SELL"
"USD","AUD.USD","20250709","-30","0.65263","0","SELL"
"USD","AUD.USD","20250709","-0.49","0.65263","0","SELL"
"USD","AUD.USD","20250709","-0.05","0.65266","0","SELL"
"USD","AUD.USD","20250709","-99.38","0.65379","0","SELL"
"USD","AUD.USD","20250709","-1","0.65379","0","SELL"
"USD","AUD.USD","20250709","-1.06","0.65379","0","SELL"
"USD","AUD.USD","20250709","-0.02","0.65379","0","SELL"
"USD","AUD.USD","20250709","-107.06","0.65379","0","SELL"
"USD","AUD.USD","20250709","-0.00998685","0.65330112","0","SELL"
"USD","AUD.USD","20250709","0.00761499","0.65369964","0","BUY"
"USD","AUD.USD","20250710","-0.29","0.65692","0","SELL"
"USD","AUD.USD","20250710","-30.42","0.65692","0","SELL"
"USD","AUD.USD","20250710","-0.23","0.65867","0","SELL"
"USD","AUD.USD","20250710","-22.74","0.65867","0","SELL"
"USD","AUD.USD","20250710","-0.01159486","0.65868015","0","SELL"
"USD","AUD.USD","20250710","-0.00284359","0.65868819","0","SELL"
"USD","AUD.USD","20250711","-0.37","0.65736","0","SELL"
"USD","AUD.USD","20250711","-38.03","0.65739","0","SELL"
"USD","AUD.USD","20250711","0.00370097","0.65818863","0","BUY"
"USD","AUD.USD","20250711","-0.01027879","0.65776753","0","SELL"
"USD","AUD.USD","20250714","-0.45","0.65418","0","SELL"
"USD","AUD.USD","20250714","-0.02","0.65419","0","SELL"
"USD","AUD.USD","20250714","-45.79","0.65419","0","SELL"
"USD","AUD.USD","20250714","-0.00799636","0.65428621","0","SELL"
"USD","AUD.USD","20250714","0.0111854","0.65468762","0","BUY"
"USD","AUD.USD","20250715","-38.38","0.65134","0","SELL"
"USD","AUD.USD","20250715","-0.37","0.65133","0","SELL"
"USD","AUD.USD","20250715","0.00195708","0.65158673","0","BUY"
"USD","AUD.USD","20250715","-0.01379391","0.65118722","0","SELL"
"USD","AUD.USD","20250716","-0.99","0.65238","0","SELL"
"USD","AUD.USD","20250716","-99.58","0.65239","0","SELL"
"USD","AUD.USD","20250716","-1.08","0.65233","0","SELL"
"USD","AUD.USD","20250716","-107.29","0.65234","0","SELL"
"USD","AUD.USD","20250716","-0.02","0.65234","0","SELL"
"USD","AUD.USD","20250716","-0.00063361","0.65263553","0","SELL"
"USD","AUD.USD","20250718","-0.37","0.65027","0","SELL"
"USD","AUD.USD","20250718","-38.44","0.65029","0","SELL"
"USD","AUD.USD","20250718","-0.01431325","0.6507716","0","SELL"
"USD","AUD.USD","20250718","0.00929797","0.65118702","0","BUY"
"USD","AUD.USD","20250721","-0.45","0.65253","0","SELL"
"USD","AUD.USD","20250721","-45.91","0.65254","0","SELL"
"USD","AUD.USD","20250721","-0.0091118","0.65223915","0","SELL"
"USD","AUD.USD","20250722","-0.39","0.65483","0","SELL"
"USD","AUD.USD","20250722","-38.17","0.65484","0","SELL"
"USD","AUD.USD","20250722","0.00839336","0.65575992","0","BUY"
"USD","AUD.USD","20250722","-0.00726605","0.65537495","0","SELL"
"USD","AUD.USD","20250723","-0.29","0.65771","0","SELL"
"USD","AUD.USD","20250723","-0.28","0.65772","0","SELL"
"USD","AUD.USD","20250723","-30","0.65772","0","SELL"
"USD","AUD.USD","20250723","-0.04","0.6597","0","SELL"
"USD","AUD.USD","20250723","-0.99","0.65953","0","SELL"
"USD","AUD.USD","20250723","-98.49","0.65954","0","SELL"
"USD","AUD.USD","20250723","-0.02","0.65954","0","SELL"
"USD","AUD.USD","20250723","-1.07","0.65878","0","SELL"
"USD","AUD.USD","20250723","-106.08","0.65969","0","SELL"
"USD","AUD.USD","20250723","-0.02","0.65969","0","SELL"
"USD","AUD.USD","20250723","-0.00082174","0.660016","0","SELL"
"USD","AUD.USD","20250723","-0.00139209","0.66002397","0","SELL"
"USD","AUD.USD","20250724","-0.29","0.65967","0","SELL"
"USD","AUD.USD","20250724","-30.3","0.65968","0","SELL"
"USD","AUD.USD","20250724","-0.01303346","0.65878683","0","SELL"
"USD","AUD.USD","20250724","-0.00098225","0.6587932","0","SELL"
"USD","AUD.USD","20250725","-0.37","0.65586","0","SELL"
"USD","AUD.USD","20250725","-38.1","0.65589","0","SELL"
"USD","AUD.USD","20250725","-0.00403448","0.65644383","0","SELL"
"USD","AUD.USD","20250725","-0.01105323","0.6564163","0","SELL"
"USD","AUD.USD","20250728","-0.45","0.65143","0","SELL"
"USD","AUD.USD","20250728","-46.05","0.65144","0","SELL"
"USD","AUD.USD","20250728","-0.01043201","0.65189562","0","SELL"
"USD","AUD.USD","20250728","0.00700771","0.65229626","0","BUY"
"USD","AUD.USD","20250729","-0.37","0.65113","0","SELL"
"USD","AUD.USD","20250729","-38.39","0.65114","0","SELL"
"USD","AUD.USD","20250729","-0.02","0.65114","0","SELL"
"USD","AUD.USD","20250729","-0.01393964","0.65078582","0","SELL"
"USD","AUD.USD","20250729","0.01780769","0.65118586","0","BUY"
"USD","AUD.USD","20250730","-108.58","0.64449","0","SELL"
"USD","AUD.USD","20250730","-1.09","0.64453","0","SELL"
"USD","AUD.USD","20250730","-0.02","0.64449","0","SELL"
"USD","AUD.USD","20250730","-1","0.64283","0","SELL"
"USD","AUD.USD","20250730","-101.07","0.64284","0","SELL"
"USD","AUD.USD","20250730","-0.02","0.64284","0","SELL"
"USD","AUD.USD","20250730","-0.00684709","0.64314895","0","SELL"
"USD","AUD.USD","20250730","0.00381721","0.64354399","0","BUY"
"USD","AUD.USD","20250804","-0.45","0.64614","0","SELL"
"USD","AUD.USD","20250804","-46.38","0.64615","0","SELL"
"USD","AUD.USD","20250804","-0.01373764","0.64652392","0","SELL"
"USD","AUD.USD","20250804","0.00640228","0.64691798","0","BUY"
"USD","AUD.USD","20250806","-107.64","0.65014","0","SELL"
"USD","AUD.USD","20250806","-0.02","0.65014","0","SELL"
"USD","AUD.USD","20250806","-1.08","0.65014","0","SELL"
"USD","AUD.USD","20250806","-99.95","0.65014","0","SELL"
"USD","AUD.USD","20250806","-0.99","0.65014","0","SELL"
"USD","AUD.USD","20250806","-0.02","0.65014","0","SELL"
"USD","AUD.USD","20250806","-0.31","0.65004","0","SELL"
"USD","AUD.USD","20250806","-30.67","0.65004","0","SELL"
"USD","AUD.USD","20250806","-0.02","0.65004","0","SELL"
"USD","AUD.USD","20250806","-0.00318508","0.6501474","0","SELL"
"USD","AUD.USD","20250806","0.00666191","0.65054636","0","BUY"
"USD","AUD.USD","20250807","-0.3","0.64962","0","SELL"
"USD","AUD.USD","20250807","-30.75","0.64963","0","SELL"
"USD","AUD.USD","20250807","-0.00746436","0.65215089","0","SELL"
"USD","AUD.USD","20250808","-0.37","0.65197","0","SELL"
"USD","AUD.USD","20250808","-38.33","0.65199","0","SELL"
"USD","AUD.USD","20250808","0.0067267","0.65283882","0","BUY"
"USD","AUD.USD","20250808","-0.01195717","0.65242633","0","SELL"
"USD","AUD.USD","20250811","-0.45","0.65064","0","SELL"
"USD","AUD.USD","20250811","-46.11","0.65064","0","SELL"
"USD","AUD.USD","20250811","0.01208536","0.65150908","0","BUY"
"USD","AUD.USD","20250811","-0.0109737","0.65111197","0","SELL"
"USD","AUD.USD","20250812","-38.29","0.65269","0","SELL"
"USD","AUD.USD","20250812","-0.37","0.65268","0","SELL"
"USD","AUD.USD","20250812","-0.01285889","0.65272814","0","SELL"
"USD","AUD.USD","20250812","0.0050655","0.65312789","0","BUY"
"USD","AUD.USD","20250813","-1.06","0.65398","0","SELL"
"USD","AUD.USD","20250813","-107.02","0.65399","0","SELL"
"USD","AUD.USD","20250813","-0.02","0.65399","0","SELL"
"USD","AUD.USD","20250813","-1","0.65398","0","SELL"
"USD","AUD.USD","20250813","-99.36","0.65399","0","SELL"
"USD","AUD.USD","20250813","-0.02","0.65399","0","SELL"
"USD","AUD.USD","20250813","-0.00420528","0.65437754","0","SELL"
"USD","AUD.USD","20250813","0.0072561","0.65477833","0","BUY"
"USD","AUD.USD","20250815","0.4262109","0.65090378","0","BUY"
"USD","AUD.USD","20250818","-0.3","0.65019","0","SELL"
"USD","AUD.USD","20250818","-0.00030019","0.64892991","0","SELL"
"USD","AUD.USD","20250819","-0.45","0.64493","0","SELL"
"USD","AUD.USD","20250819","-0.02","0.64494","0","SELL"
"USD","AUD.USD","20250819","-46.45","0.64494","0","SELL"
"USD","AUD.USD","20250819","0.01647465","0.64558046","0","BUY"
"USD","AUD.USD","20250819","-0.01414091","0.64518008","0","SELL"
"USD","AUD.USD","20250820","-1.09","0.64225","0","SELL"
"USD","AUD.USD","20250820","-108.81","0.64314","0","SELL"
"USD","AUD.USD","20250820","-0.02","0.64314","0","SELL"
"USD","AUD.USD","20250820","-0.3","0.64313","0","SELL"
"USD","AUD.USD","20250820","-31.08","0.64314","0","SELL"
"USD","AUD.USD","20250820","-1.02","0.64313","0","SELL"
"USD","AUD.USD","20250820","-101.04","0.64314","0","SELL"
"USD","AUD.USD","20250820","-0.02","0.64314","0","SELL"
"USD","AUD.USD","20250820","0.00385563","0.64354046","0","BUY"
"USD","AUD.USD","20250820","-0.00124108","0.6431419","0","SELL"
"USD","AUD.USD","20250821","-0.3","0.64225","0","SELL"
"USD","AUD.USD","20250821","-31.14","0.64227","0","SELL"
"USD","AUD.USD","20250821","-0.01140808","0.64181775","0","SELL"
"USD","AUD.USD","20250822","-0.38","0.64845","0","SELL"
"USD","AUD.USD","20250822","-38.53","0.64849","0","SELL"
"USD","AUD.USD","20250822","-0.00421974","0.64875237","0","SELL"
"USD","AUD.USD","20250822","0.00212488","0.64918146","0","BUY"
"USD","AUD.USD","20250825","-0.45","0.64773","0","SELL"
"USD","AUD.USD","20250825","-46.31","0.64774","0","SELL"
"USD","AUD.USD","20250825","-0.01303941","0.64804017","0","SELL"
"USD","AUD.USD","20250825","0.00640045","0.64844179","0","BUY"
"USD","AUD.USD","20250826","-0.37","0.64913","0","SELL"
"USD","AUD.USD","20250826","-38.5","0.64914","0","SELL"
"USD","AUD.USD","20250826","-0.01496229","0.64923376","0","SELL"
"USD","AUD.USD","20250826","0.00457726","0.64963413","0","BUY"
"USD","AUD.USD","20250827","-107.59","0.65049","0","SELL"
"USD","AUD.USD","20250827","-0.02","0.65049","0","SELL"
"USD","AUD.USD","20250827","-1.08","0.65048","0","SELL"
"USD","AUD.USD","20250827","-0.99","0.65043","0","SELL"
"USD","AUD.USD","20250827","-99.89","0.65044","0","SELL"
"USD","AUD.USD","20250827","-0.02","0.65044","0","SELL"
"USD","AUD.USD","20250827","-0.00524148","0.65036293","0","SELL"
"USD","AUD.USD","20250827","0.00399195","0.65076422","0","BUY"
"USD","AUD.USD","20250902","-0.45","0.65163","0","SELL"
"USD","AUD.USD","20250902","-46","0.65164","0","SELL"
"USD","AUD.USD","20250902","-0.00998442","0.6518223","0","SELL"
"USD","AUD.USD","20250902","0.002215","0.65222456","0","BUY"
"USD","AUD.USD","20250903","-0.3","0.65264","0","SELL"
"USD","AUD.USD","20250903","-30.58","0.65364","0","SELL"
"USD","AUD.USD","20250903","-1.08","0.65393","0","SELL"
"USD","AUD.USD","20250903","-107.02","0.65394","0","SELL"
"USD","AUD.USD","20250903","-99","0.6531","0","SELL"
"USD","AUD.USD","20250903","-0.4","0.65295","0","SELL"
"USD","AUD.USD","20250903","-0.27","0.65383","0","SELL"
"USD","AUD.USD","20250903","-0.71","0.65294","0","SELL"
"USD","AUD.USD","20250903","-0.13","0.65384","0","SELL"
"USD","AUD.USD","20250903","-0.01153911","0.65412022","0","SELL"
"USD","AUD.USD","20250903","0.01335","0.65452456","0","BUY"
"USD","AUD.USD","20250904","-0.3","0.651","0","SELL"
"USD","AUD.USD","20250904","-30.67","0.65101","0","SELL"
"USD","AUD.USD","20250904","-0.02","0.65101","0","SELL"
"USD","AUD.USD","20250904","-0.00683337","0.65152323","0","SELL"
"USD","AUD.USD","20250904","0.00673902","0.65192708","0","BUY"
"USD","AUD.USD","20250905","-0.37","0.655","0","SELL"
"USD","AUD.USD","20250905","-38.14","0.65504","0","SELL"
"USD","AUD.USD","20250905","0.00744368","0.65587344","0","BUY"
"USD","AUD.USD","20250905","-0.01134543","0.65544022","0","SELL"
"USD","AUD.USD","20250908","-0.44","0.65907","0","SELL"
"USD","AUD.USD","20250908","-0.02","0.65908","0","SELL"
"USD","AUD.USD","20250908","-45.5","0.65908","0","SELL"
"USD","AUD.USD","20250908","0.01869131","0.65939493","0","BUY"
"USD","AUD.USD","20250908","-0.01502428","0.65898659","0","SELL"
"USD","AUD.USD","20250909","-0.37","0.65867","0","SELL"
"USD","AUD.USD","20250909","-37.95","0.65868","0","SELL"
"USD","AUD.USD","20250909","0.00307739","0.65867452","0","BUY"
"USD","AUD.USD","20250909","-0.00948513","0.6582664","0","SELL"
"USD","AUD.USD","20250910","-0.97","0.66102","0","SELL"
"USD","AUD.USD","20250910","-98.29","0.66103","0","SELL"
"USD","AUD.USD","20250910","-0.02","0.66103","0","SELL"
"USD","AUD.USD","20250910","-105.82","0.66133","0","SELL"
"USD","AUD.USD","20250910","-1.06","0.66132","0","SELL"
"USD","AUD.USD","20250910","-0.02","0.66043","0","SELL"
"USD","AUD.USD","20250910","0.00888686","0.66152466","0","BUY"
"USD","AUD.USD","20250910","-0.01148692","0.66111413","0","SELL"
"USD","AUD.USD","20250911","2.13143631","0.66621742","0","BUY"
"USD","AUD.USD","20250912","-2.13","0.66458","0","SELL"
"USD","AUD.USD","20250912","-0.00212781","0.66477215","0","SELL"
"USD","AUD.USD","20250912","0.00166474","0.66520742","0","BUY"
"USD","AUD.USD","20250915","-33.35","0.66673","0","SELL"
"USD","AUD.USD","20250915","0.00164745","0.66718751","0","BUY"
"USD","AUD.USD","20250916","-12.04","0.66636","0","SELL"
"USD","AUD.USD","20250916","-0.0011994","0.66833553","0","SELL"
"USD","AUD.USD","20250916","-0.01200691","0.66832162","0","SELL"
"USD","AUD.USD","20250917","-0.02","0.66513","0","SELL"
"USD","AUD.USD","20250917","-1.04","0.66517","0","SELL"
"USD","AUD.USD","20250917","-105.22","0.66513","0","SELL"
"USD","AUD.USD","20250917","-0.31","0.66547","0","SELL"
"USD","AUD.USD","20250917","-30.02","0.66548","0","SELL"
"USD","AUD.USD","20250917","-0.98","0.66542","0","SELL"
"USD","AUD.USD","20250917","-97.65","0.66543","0","SELL"
"USD","AUD.USD","20250917","-0.04","0.66543","0","SELL"
"USD","AUD.USD","20250917","0.00963359","0.66547601","0","BUY"
"USD","AUD.USD","20250918","-0.29","0.66124","0","SELL"
"USD","AUD.USD","20250918","-0.02","0.66126","0","SELL"
"USD","AUD.USD","20250918","-30.21","0.66126","0","SELL"
"USD","AUD.USD","20250918","0.01427931","0.66140959","0","BUY"
"USD","AUD.USD","20250918","-0.01217204","0.66099994","0","SELL"
"USD","AUD.USD","20250919","-0.37","0.65949","0","SELL"
"USD","AUD.USD","20250919","-37.88","0.6595","0","SELL"
"USD","AUD.USD","20250919","0.00655154","0.65959696","0","BUY"
"USD","AUD.USD","20250919","-0.00874751","0.65919874","0","SELL"
"USD","AUD.USD","20250922","-0.44","0.65989","0","SELL"
"USD","AUD.USD","20250922","-45.43","0.65989","0","SELL"
"USD","AUD.USD","20250922","-0.01420582","0.65975565","0","SELL"
"USD","AUD.USD","20250922","0.00990639","0.6601548","0","BUY"
"USD","AUD.USD","20250923","-37.86","0.65969","0","SELL"
"USD","AUD.USD","20250923","-0.37","0.65879","0","SELL"
"USD","AUD.USD","20250923","-0.02","0.65969","0","SELL"
"USD","AUD.USD","20250924","-0.02","0.65776","0","SELL"
"USD","AUD.USD","20250924","-34.93","0.65799","0","SELL"
"USD","AUD.USD","20250924","-41.81","0.65794","0","SELL"
"USD","AUD.USD","20250924","-0.00739376","0.65809352","0","SELL"
"USD","AUD.USD","20250926","-8.73","0.65444","0","SELL"
"USD","AUD.USD","20250926","-6.5206641","0.65447421","0","SELL"
"USD","AUD.USD","20250926","6.52097916","0.65483884","0","BUY"
"USD","AUD.USD","20250929","-4.21","0.65624","0","SELL"
"USD","AUD.USD","20250929","-2","0.65536","0","SELL"
"USD","AUD.USD","20250929","-0.41","0.65535","0","SELL"
"USD","AUD.USD","20250929","-0.00603064","0.65749274","0","SELL"
"USD","AUD.USD","20250929","-0.00661092","0.65748279","0","SELL"
"USD","AUD.USD","20250930","-0.23","0.66143","0","SELL"
"USD","AUD.USD","20250930","-24.18","0.66144","0","SELL"
"USD","AUD.USD","20250930","0.01313797","0.66151872","0","BUY"
"USD","AUD.USD","20250930","-0.01168007","0.66111224","0","SELL"
"USD","AUD.USD","20251001","-12.77","0.66119","0","SELL"
"USD","AUD.USD","20251001","0.00464338","0.66151055","0","BUY"
"USD","AUD.USD","20251002","-6.89","0.66037","0","SELL"
"USD","AUD.USD","20251002","-0.08","0.65991","0","SELL"
"USD","AUD.USD","20251002","-56.76","0.65992","0","SELL"
"USD","AUD.USD","20251002","-0.1","0.65936","0","SELL"
"USD","AUD.USD","20251002","-30.33","0.65936","0","SELL"
"USD","AUD.USD","20251002","0.00170739","0.65978521","0","BUY"
"USD","AUD.USD","20251002","-0.00472924","0.65938129","0","SELL"
"USD","AUD.USD","20251003","-0.17","0.65988","0","SELL"
"USD","AUD.USD","20251003","-0.16","0.6607","0","SELL"
"USD","AUD.USD","20251003","-16.64","0.66073","0","SELL"
"USD","AUD.USD","20251003","-0.34","0.66005","0","SELL"
"USD","AUD.USD","20251003","-33.28","0.66008","0","SELL"
"USD","AUD.USD","20251003","-0.0017407","0.66005478","0","SELL"
"USD","AUD.USD","20251008","-0.34","0.65808","0","SELL"
"USD","AUD.USD","20251008","-34.57","0.65809","0","SELL"
"USD","AUD.USD","20251008","-0.42","0.65823","0","SELL"
"USD","AUD.USD","20251008","-41.35","0.65824","0","SELL"
"USD","AUD.USD","20251008","-0.01479023","0.6584238","0","SELL"
"USD","AUD.USD","20251010","-15.4","0.64815","0","SELL"
"USD","AUD.USD","20251010","-0.15","0.64816","0","SELL"
"USD","AUD.USD","20251010","-0.00405538","0.64703533","0","SELL"
"USD","AUD.USD","20251010","-0.00494385","0.64707582","0","SELL"
"USD","AUD.USD","20251014","-24.64","0.64889","0","SELL"
"USD","AUD.USD","20251014","-0.24","0.64888","0","SELL"
"USD","AUD.USD","20251014","-0.00643729","0.64838524","0","SELL"
"USD","AUD.USD","20251014","-0.00263865","0.64839533","0","SELL"
"USD","AUD.USD","20251015","-41.86","0.65054","0","SELL"
"USD","AUD.USD","20251015","-0.42","0.65053","0","SELL"
"USD","AUD.USD","20251015","-34.99","0.65034","0","SELL"
"USD","AUD.USD","20251015","-0.34","0.65033","0","SELL"
"USD","AUD.USD","20251015","0.00973072","0.6513952","0","BUY"
"USD","AUD.USD","20251015","-0.00841853","0.65099432","0","SELL"
"USD","AUD.USD","20251016","-0.3","0.64701","0","SELL"
"USD","AUD.USD","20251016","-30.9","0.64702","0","SELL"
"USD","AUD.USD","20251016","-0.00898152","0.64825615","0","SELL"
"USD","AUD.USD","20251017","-16.97","0.64814","0","SELL"
"USD","AUD.USD","20251017","-0.16","0.64811","0","SELL"
"USD","AUD.USD","20251017","-33.85","0.64979","0","SELL"
"USD","AUD.USD","20251017","-0.34","0.64976","0","SELL"
"USD","AUD.USD","20251017","0.00751551","0.64980501","0","BUY"
"USD","AUD.USD","20251017","-0.00716666","0.64938561","0","SELL"
"USD","AUD.USD","20251022","-0.42","0.64824","0","SELL"
"USD","AUD.USD","20251022","-42.02","0.64819","0","SELL"
"USD","AUD.USD","20251022","-0.34","0.64768","0","SELL"
"USD","AUD.USD","20251022","-35.08","0.64859","0","SELL"
"USD","AUD.USD","20251022","-0.01145502","0.64867023","0","SELL"
"USD","AUD.USD","20251024","-0.15","0.65061","0","SELL"
"USD","AUD.USD","20251024","-15.34","0.65064","0","SELL"
"USD","AUD.USD","20251024","-0.00915717","0.65112511","0","SELL"
"USD","AUD.USD","20251024","-0.00336908","0.65109664","0","SELL"
"USD","AUD.USD","20251028","-24.31","0.65824","0","SELL"
"USD","AUD.USD","20251028","-0.23","0.65823","0","SELL"
"USD","AUD.USD","20251028","0.00652067","0.65876795","0","BUY"
"USD","AUD.USD","20251028","-0.01303778","0.65836319","0","SELL"
"USD","AUD.USD","20251029","-41.47","0.65629","0","SELL"
"USD","AUD.USD","20251029","-0.42","0.65633","0","SELL"
"USD","AUD.USD","20251029","-34.62","0.65709","0","SELL"
"USD","AUD.USD","20251029","-0.34","0.65708","0","SELL"
"USD","AUD.USD","20251029","-0.00097477","0.65724553","0","SELL"
"USD","AUD.USD","20251029","-0.00761507","0.65725415","0","SELL"
"USD","AUD.USD","20251030","-0.3","0.65441","0","SELL"
"USD","AUD.USD","20251030","-30.56","0.65442","0","SELL"
"USD","AUD.USD","20251030","-0.00560724","0.65524898","0","SELL"
"USD","AUD.USD","20251030","-0.00064406","0.65525758","0","SELL"
"USD","AUD.USD","20251031","-0.16","0.65335","0","SELL"
"USD","AUD.USD","20251031","-16.82","0.65335","0","SELL"
"USD","AUD.USD","20251031","-0.34","0.65415","0","SELL"
"USD","AUD.USD","20251031","-33.57","0.65415","0","SELL"
"USD","AUD.USD","20251031","-0.00386727","0.65432249","0","SELL"
"USD","AUD.USD","20251031","0.00258567","0.65471607","0","BUY"
"USD","AUD.USD","20251105","-0.34","0.65049","0","SELL"
"USD","AUD.USD","20251105","-34.97","0.65049","0","SELL"
"USD","AUD.USD","20251105","-0.42","0.65029","0","SELL"
"USD","AUD.USD","20251105","-41.86","0.65029","0","SELL"
"USD","AUD.USD","20251105","0.00472061","0.65082019","0","BUY"
"USD","AUD.USD","20251105","-0.00826714","0.65042482","0","SELL"
"USD","AUD.USD","20251107","-0.15","0.64927","0","SELL"
"USD","AUD.USD","20251107","-15.37","0.64929","0","SELL"
"USD","AUD.USD","20251107","-0.00981292","0.64921507","0","SELL"
"USD","AUD.USD","20251107","-0.00380462","0.64919992","0","SELL"
"USD","AUD.USD","20251111","-0.23","0.65269","0","SELL"
"USD","AUD.USD","20251111","-24.52","0.65269","0","SELL"
"USD","AUD.USD","20251111","0.01867785","0.65292983","0","BUY"
"USD","AUD.USD","20251111","-0.01501864","0.65253221","0","SELL"
"USD","AUD.USD","20251112","-0.34","0.65409","0","SELL"
"USD","AUD.USD","20251112","-34.78","0.65409","0","SELL"
"USD","AUD.USD","20251112","-0.00773729","0.65396175","0","SELL"
"USD","AUD.USD","20251112","0.00742966","0.65436025","0","BUY"
"USD","AUD.USD","20251113","-17.14","0.65243","0","SELL"
"USD","AUD.USD","20251114","-13","0.65195","0","SELL"
"USD","AUD.USD","20251114","-0.78","0.65138","0","SELL"
"USD","AUD.USD","20251114","-0.02","0.65139","0","SELL"
"USD","AUD.USD","20251114","-16.41","0.65349","0","SELL"
"USD","AUD.USD","20251114","-0.37928948","0.65339823","0","SELL"
"USD","AUD.USD","20251114","0.38466076","0.65377331","0","BUY"
"USD","AUD.USD","20251117","-0.57","0.65074","0","SELL"
"USD","AUD.USD","20251117","-0.19","0.64854","0","SELL"
"USD","AUD.USD","20251117","-18.5","0.64855","0","SELL"
"USD","AUD.USD","20251117","0.00802678","0.64956968","0","BUY"
"USD","AUD.USD","20251117","0.00447002","0.64956454","0","BUY"
"USD","AUD.USD","20251119","-0.35","0.64579","0","SELL"
"USD","AUD.USD","20251119","-35.17","0.64569","0","SELL"
"USD","AUD.USD","20251119","-0.05","0.6466","0","SELL"
"USD","AUD.USD","20251119","-0.42","0.64659","0","SELL"
"USD","AUD.USD","20251119","-42.14","0.6466","0","SELL"
"USD","AUD.USD","20251119","-0.00025203","0.64769134","0","SELL"
"USD","AUD.USD","20251119","-0.00355994","0.64768705","0","SELL"
"USD","AUD.USD","20251125","-0.24","0.64714","0","SELL"
"USD","AUD.USD","20251125","-24.68","0.64714","0","SELL"
"USD","AUD.USD","20251125","-0.00681576","0.64675011","0","SELL"
"USD","AUD.USD","20251125","-0.00099777","0.64675538","0","SELL"
"USD","AUD.USD","20251126","-0.34","0.65164","0","SELL"
"USD","AUD.USD","20251126","-34.92","0.65165","0","SELL"
"USD","AUD.USD","20251126","-0.42","0.65149","0","SELL"
"USD","AUD.USD","20251126","-41.8","0.6515","0","SELL"
"USD","AUD.USD","20251126","-0.00715797","0.65159419","0","SELL"
"USD","AUD.USD","20251126","0.00677847","0.65199554","0","BUY"
"USD","AUD.USD","20251128","-16.77","0.65495","0","SELL"
"USD","AUD.USD","20251128","-0.16","0.65494","0","SELL"
"USD","AUD.USD","20251128","-30.53","0.6545","0","SELL"
"USD","AUD.USD","20251128","-0.31","0.65449","0","SELL"
"USD","AUD.USD","20251128","-0.19","0.65479","0","SELL"
"USD","AUD.USD","20251128","-18.3","0.6548","0","SELL"
"USD","AUD.USD","20251128","0.00391636","0.65531681","0","BUY"
"USD","AUD.USD","20251128","-0.00598423","0.65493103","0","SELL"
"USD","AUD.USD","20251203","-0.34","0.65989","0","SELL"
"USD","AUD.USD","20251203","-34.46","0.6599","0","SELL"
"USD","AUD.USD","20251203","-0.41","0.65896","0","SELL"
"USD","AUD.USD","20251203","-41.26","0.6599","0","SELL"
"USD","AUD.USD","20251203","-0.00055361","0.65998051","0","SELL"
"USD","AUD.USD","20251203","-0.00779378","0.65997908","0","SELL"
"USD","AUD.USD","20251209","-0.23","0.6636","0","SELL"
"USD","AUD.USD","20251209","-0.02","0.6636","0","SELL"
"USD","AUD.USD","20251209","-24.08","0.6636","0","SELL"
"USD","AUD.USD","20251209","-0.0108412","0.66401156","0","SELL"
"USD","AUD.USD","20251209","0.01518942","0.66440968","0","BUY"
"USD","AUD.USD","20251210","-0.41","0.66464","0","SELL"
"USD","AUD.USD","20251210","-40.96","0.66464","0","SELL"
"USD","AUD.USD","20251210","-0.02","0.66464","0","SELL"
"USD","AUD.USD","20251210","-0.33","0.66664","0","SELL"
"USD","AUD.USD","20251210","-34.13","0.66664","0","SELL"
"USD","AUD.USD","20251210","-0.01108286","0.66737627","0","SELL"
"USD","AUD.USD","20251211","-27.82","0.66608","0","SELL"
"USD","AUD.USD","20251211","2.17605774","0.66658027","0","BUY"
"USD","AUD.USD","20251211","-2.18342174","0.66618535","0","SELL"
"USD","AUD.USD","20251212","-2.45","0.66654","0","SELL"
"USD","AUD.USD","20251212","-0.17","0.66492","0","SELL"
"USD","AUD.USD","20251212","-16.5","0.6649","0","SELL"
"USD","AUD.USD","20251212","-0.17","0.66502","0","SELL"
"USD","AUD.USD","20251212","-18.03","0.665","0","SELL"
"USD","AUD.USD","20251212","-0.00766188","0.6650736","0","SELL"
"USD","AUD.USD","20251212","0.00199979","0.66545537","0","BUY"
"USD","AUD.USD","20251216","-0.00878538","0.66305313","0","SELL"
"USD","AUD.USD","20251217","-41.24","0.66054","0","SELL"
"USD","AUD.USD","20251217","-0.41","0.66053","0","SELL"
"USD","AUD.USD","20251217","-0.34","0.65965","0","SELL"
"USD","AUD.USD","20251217","-34.43","0.66059","0","SELL"
"USD","AUD.USD","20251217","-0.00048318","0.660275","0","SELL"
"USD","AUD.USD","20251217","-0.00719817","0.66026814","0","SELL"
"USD","AUD.USD","20251219","4.21846004","0.66137879","0","BUY"
"USD","AUD.USD","20251222","-4.2","0.66479","0","SELL"
"USD","AUD.USD","20251222","-0.00419041","0.66556205","0","SELL"
"USD","AUD.USD","20251222","0.00471196","0.66596562","0","BUY"
"USD","AUD.USD","20251224","-24.17","0.67052","0","SELL"
"USD","AUD.USD","20251224","-0.02","0.67052","0","SELL"
"USD","AUD.USD","20251224","-0.02","0.67026","0","SELL"
"USD","AUD.USD","20251224","-34.25","0.67026","0","SELL"
"USD","AUD.USD","20251224","-40.98","0.67071","0","SELL"
"USD","AUD.USD","20251224","-0.02","0.67071","0","SELL"
"USD","AUD.USD","20251226","-0.03","0.67064","0","SELL"
"USD","AUD.USD","20251226","-16.37","0.67099","0","SELL"
"USD","AUD.USD","20251226","-27.32","0.67089","0","SELL"
"USD","AUD.USD","20251226","-18.03","0.67109","0","SELL"
"USD","AUD.USD","20251226","-0.00999834","0.67134091","0","SELL"
"USD","AUD.USD","20251229","-2.74","0.67015","0","SELL"
"USD","AUD.USD","20251229","-0.17","0.66884","0","SELL"
"USD","AUD.USD","20251229","-0.00291393","0.66917398","0","SELL"
"USD","AUD.USD","20251229","-0.00002122","0.66918158","0","SELL"
"USD","AUD.USD","20251231","-74.94201016","0.66709857","0","SELL"
"USD","AUD.USD","20251231","-0.749436","0.66708442","0","SELL"
"USD","AUD.USD","20260106","-23.73","0.67379","0","SELL"
"USD","AUD.USD","20260106","-0.23","0.67378","0","SELL"
"USD","AUD.USD","20260106","-0.00731546","0.67360664","0","SELL"
"USD","AUD.USD","20260106","-0.00100605","0.67361225","0","SELL"
"USD","AUD.USD","20260107","-0.33","0.67209","0","SELL"
"USD","AUD.USD","20260107","-33.85","0.67209","0","SELL"
"USD","AUD.USD","20260107","-0.41","0.67209","0","SELL"
"USD","AUD.USD","20260107","-40.5","0.67209","0","SELL"
"USD","AUD.USD","20260107","-0.00350234","0.67187523","0","SELL"
"USD","AUD.USD","20260107","-0.00012159","0.6718768","0","SELL"
"USD","AUD.USD","20260108","-0.29","0.66949","0","SELL"
"USD","AUD.USD","20260108","-29.86","0.66949","0","SELL"
"USD","AUD.USD","20260108","-0.00849836","0.66973384","0","SELL"
"USD","AUD.USD","20260108","0.00984532","0.6701371","0","BUY"
"USD","AUD.USD","20260109","-0.17","0.66858","0","SELL"
"USD","AUD.USD","20260109","-17.93","0.66859","0","SELL"
"USD","AUD.USD","20260109","-16.44","0.66859","0","SELL"
"USD","AUD.USD","20260109","-0.17","0.66858","0","SELL"
"USD","AUD.USD","20260109","-0.00367635","0.66840938","0","SELL"
"USD","AUD.USD","20260109","0.00297225","0.66881808","0","BUY"
"USD","AUD.USD","20260114","-0.41","0.66699","0","SELL"
"USD","AUD.USD","20260114","-40.78","0.66794","0","SELL"
"USD","AUD.USD","20260114","-0.33","0.66794","0","SELL"
"USD","AUD.USD","20260114","-34.05","0.66794","0","SELL"
"USD","AUD.USD","20260114","0.01107688","0.66847844","0","BUY"
"USD","AUD.USD","20260114","-0.0087705","0.66807543","0","SELL"
"USD","AUD.USD","20260120","-0.23","0.67299","0","SELL"
"USD","AUD.USD","20260120","-23.75","0.67299","0","SELL"
"USD","AUD.USD","20260120","-0.00739951","0.67352498","0","SELL"
"USD","AUD.USD","20260120","0.00944732","0.67393067","0","BUY"
"USD","AUD.USD","20260121","-33.67","0.67574","0","SELL"
"USD","AUD.USD","20260121","-0.33","0.67574","0","SELL"
"USD","AUD.USD","20260121","-0.4","0.67559","0","SELL"
"USD","AUD.USD","20260121","-40.32","0.67559","0","SELL"
"USD","AUD.USD","20260121","-0.00987092","0.6759749","0","SELL"
"USD","AUD.USD","20260121","0.00249162","0.67638173","0","BUY"
"USD","AUD.USD","20260122","-0.3","0.68253","0","SELL"
"USD","AUD.USD","20260122","-29.25","0.68349","0","SELL"
"USD","AUD.USD","20260122","0.00695426","0.68429926","0","BUY"
"USD","AUD.USD","20260122","-0.0116076","0.68388999","0","SELL"
"USD","AUD.USD","20260123","-0.15","0.68887","0","SELL"
"USD","AUD.USD","20260123","-15.94","0.68893","0","SELL"
"USD","AUD.USD","20260123","-17.41","0.68893","0","SELL"
"USD","AUD.USD","20260123","-0.18","0.68892","0","SELL"
"USD","AUD.USD","20260123","-0.00344629","0.68940964","0","SELL"
"USD","AUD.USD","20260123","0.00669024","0.6898315","0","BUY"
"USD","AUD.USD","20260128","-0.32","0.70273","0","SELL"
"USD","AUD.USD","20260128","-32.36","0.70273","0","SELL"
"USD","AUD.USD","20260128","-0.39","0.70174","0","SELL"
"USD","AUD.USD","20260128","-38.74","0.70283","0","SELL"
"USD","AUD.USD","20260128","0.00910765","0.70428951","0","BUY"
"USD","AUD.USD","20260128","-0.00151084","0.70386534","0","SELL"
"USD","AUD.USD","20260203","-0.22","0.70013","0","SELL"
"USD","AUD.USD","20260203","-22.84","0.70013","0","SELL"
"USD","AUD.USD","20260203","0.00349783","0.70240973","0","BUY"
"USD","AUD.USD","20260203","-0.00834277","0.70198749","0","SELL"
"USD","AUD.USD","20260204","-32.51","0.69953","0","SELL"
"USD","AUD.USD","20260204","-0.32","0.69953","0","SELL"
"USD","AUD.USD","20260204","-0.39","0.69843","0","SELL"
"USD","AUD.USD","20260204","-38.93","0.69943","0","SELL"
"USD","AUD.USD","20260204","0.00228727","0.70005858","0","BUY"
"USD","AUD.USD","20260204","-0.00493397","0.69963729","0","SELL"
"USD","AUD.USD","20260205","-0.29","0.6943","0","SELL"
"USD","AUD.USD","20260205","-28.78","0.6943","0","SELL"
"USD","AUD.USD","20260205","0.00209852","0.69297574","0","BUY"
"USD","AUD.USD","20260205","-0.01057504","0.6925556","0","SELL"
"USD","AUD.USD","20260206","-0.16","0.7015","0","SELL"
"USD","AUD.USD","20260206","-17.1","0.70149","0","SELL"
"USD","AUD.USD","20260206","-15.65","0.70154","0","SELL"
"USD","AUD.USD","20260206","-0.16","0.70155","0","SELL"
"USD","AUD.USD","20260206","0.00478064","0.70175495","0","BUY"
"USD","AUD.USD","20260206","-0.00744888","0.70134749","0","SELL"
"USD","AUD.USD","20260211","-0.31","0.71263","0","SELL"
"USD","AUD.USD","20260211","-31.91","0.71263","0","SELL"
"USD","AUD.USD","20260211","-0.38","0.71228","0","SELL"
"USD","AUD.USD","20260211","-0.02","0.71223","0","SELL"
"USD","AUD.USD","20260211","-38.24","0.71228","0","SELL"
"USD","AUD.USD","20260211","0.01431652","0.71295521","0","BUY"
"USD","AUD.USD","20260211","-0.01155712","0.71252895","0","SELL"
"USD","AUD.USD","20260213","0.53115793","0.70771225","0","BUY"
"USD","AUD.USD","20260217","-0.43","0.70615","0","SELL"
"USD","AUD.USD","20260217","-1.14","0.70798","0","SELL"
"USD","AUD.USD","20260217","-112.94","0.70798","0","SELL"
"USD","AUD.USD","20260217","-0.02","0.70803","0","SELL"
"USD","AUD.USD","20260217","-0.26","0.70803","0","SELL"
"USD","AUD.USD","20260217","-26.8","0.70803","0","SELL"
"USD","AUD.USD","20260217","0.00204113","0.70885468","0","BUY"
"USD","AUD.USD","20260218","-69.63","0.70374","0","SELL"
"USD","AUD.USD","20260218","-0.69","0.70374","0","SELL"
"USD","AUD.USD","20260218","-1.07","0.70399","0","SELL"
"USD","AUD.USD","20260218","-106.51","0.70399","0","SELL"
"USD","AUD.USD","20260218","-0.02","0.70399","0","SELL"
"USD","AUD.USD","20260218","-0.00033036","0.70406178","0","SELL"
"USD","AUD.USD","20260218","0.00475078","0.70448281","0","BUY"
"USD","AUD.USD","20260219","-0.13","0.70479","0","SELL"
"USD","AUD.USD","20260219","-14.16","0.70479","0","SELL"
"USD","AUD.USD","20260219","-0.01158101","0.70562457","0","SELL"
"USD","AUD.USD","20260220","-39.56","0.70763","0","SELL"
"USD","AUD.USD","20260220","-0.39","0.70764","0","SELL"
"USD","AUD.USD","20260220","-0.00496114","0.70816038","0","SELL"
"USD","AUD.USD","20260220","0.01036586","0.70858323","0","BUY"
"USD","AUD.USD","20260224","-0.26","0.70584","0","SELL"
"USD","AUD.USD","20260224","-26.86","0.70584","0","SELL"
"USD","AUD.USD","20260224","-1.15","0.70614","0","SELL"
"USD","AUD.USD","20260224","-113.26","0.70614","0","SELL"
"USD","AUD.USD","20260224","-0.02","0.70614","0","SELL"
"USD","AUD.USD","20260224","-0.0054","0.70557175","0","SELL"
"USD","AUD.USD","20260224","0.00855141","0.7059987","0","BUY"
"USD","AUD.USD","20260225","-1.04","0.71164","0","SELL"
"USD","AUD.USD","20260225","-105.38","0.71164","0","SELL"
"USD","AUD.USD","20260225","-0.02","0.71164","0","SELL"
"USD","AUD.USD","20260225","0.01231338","0.71257752","0","BUY"
"USD","AUD.USD","20260225","-0.01386669","0.71215392","0","SELL"
"USD","AUD.USD","20260226","-0.48","0.7104","0","SELL"
"USD","AUD.USD","20260226","-49.24","0.71039","0","SELL"
"USD","AUD.USD","20260226","-14.06","0.71079","0","SELL"
"USD","AUD.USD","20260226","-0.15","0.7108","0","SELL"
"USD","AUD.USD","20260226","-0.58","0.7108","0","SELL"
"USD","AUD.USD","20260226","-57.67","0.71079","0","SELL"
"USD","AUD.USD","20260226","-0.00287068","0.71039738","0","SELL"
"USD","AUD.USD","20260227","-23.88","0.71168","0","SELL"
"USD","AUD.USD","20260227","-0.23","0.71067","0","SELL"
"USD","AUD.USD","20260227","0.00869962","0.71182639","0","BUY"
"USD","AUD.USD","20260227","-0.00904285","0.71140814","0","SELL"
"USD","AUD.USD","20260303","-0.26","0.70449","0","SELL"
"USD","AUD.USD","20260303","-26.97","0.70448","0","SELL"
"USD","AUD.USD","20260303","-1.15","0.70384","0","SELL"
"USD","AUD.USD","20260303","-113.65","0.70383","0","SELL"
"USD","AUD.USD","20260303","-0.01114121","0.70330986","0","SELL"
"USD","AUD.USD","20260303","0.00370026","0.70373289","0","BUY"
"USD","AUD.USD","20260304","-0.68","0.70759","0","SELL"
"USD","AUD.USD","20260304","-69.25","0.70759","0","SELL"
"USD","AUD.USD","20260304","-1.06","0.70666","0","SELL"
"USD","AUD.USD","20260304","-105.97","0.70764","0","SELL"
"USD","AUD.USD","20260304","-0.02","0.70764","0","SELL"
"USD","AUD.USD","20260304","-0.01371078","0.70740265","0","SELL"
"USD","AUD.USD","20260304","0.01608719","0.70782475","0","BUY"
"USD","AUD.USD","20260305","-0.13","0.70085","0","SELL"
"USD","AUD.USD","20260305","-14.27","0.70085","0","SELL"
"USD","AUD.USD","20260305","-0.01261363","0.70057458","0","SELL"
"USD","AUD.USD","20260305","0.00913098","0.70099135","0","BUY"
"USD","AUD.USD","20260306","-0.39","0.7023","0","SELL"
"USD","AUD.USD","20260306","-39.81","0.70229","0","SELL"
"USD","AUD.USD","20260306","-0.00567556","0.70279399","0","SELL"
"USD","AUD.USD","20260306","-0.00814523","0.70280868","0","SELL"
"USD","AUD.USD","20260310","-1.12","0.71254","0","SELL"
"USD","AUD.USD","20260310","-112.25","0.71254","0","SELL"
"USD","AUD.USD","20260310","-0.02","0.71254","0","SELL"
"USD","AUD.USD","20260310","-26.66","0.71199","0","SELL"
"USD","AUD.USD","20260310","-0.27","0.71199","0","SELL"
"USD","AUD.USD","20260310","-0.00178259","0.71172102","0","SELL"
"USD","AUD.USD","20260311","-1.04","0.71504","0","SELL"
"USD","AUD.USD","20260311","-104.89","0.71503","0","SELL"
"USD","AUD.USD","20260311","-0.00884873","0.71501171","0","SELL"
"USD","AUD.USD","20260311","0.00369321","0.71543771","0","BUY"
"USD","AUD.USD","20260312","-56.09","0.70819","0","SELL"
"USD","AUD.USD","20260312","-49.93","0.70779","0","SELL"
"USD","AUD.USD","20260312","-14.25","0.70759","0","SELL"
"USD","AUD.USD","20260312","-1.137764","0.70742505","0","SELL"
"USD","AUD.USD","20260312","1.13088072","0.70785209","0","BUY"
"USD","AUD.USD","20260313","-2.33","0.70399","0","SELL"
"USD","AUD.USD","20260313","-0.25","0.69965","0","SELL"
"USD","AUD.USD","20260313","-24.26","0.69964","0","SELL"
"USD","AUD.USD","20260313","0.00496271","0.69833073","0","BUY"
"USD","AUD.USD","20260313","-0.0134348","0.69790339","0","SELL"
"USD","AUD.USD","20260317","-26.95","0.71034","0","SELL"
"USD","AUD.USD","20260317","-0.12","0.70907","0","SELL"
"USD","AUD.USD","20260317","-0.65","0.71004","0","SELL"
"USD","AUD.USD","20260317","-113","0.70915","0","SELL"
"USD","AUD.USD","20260317","-0.16","0.71004","0","SELL"
"USD","AUD.USD","20260317","-0.00676528","0.71028043","0","SELL"
"USD","AUD.USD","20260318","-1.06","0.70339","0","SELL"
"USD","AUD.USD","20260318","-106.62","0.70339","0","SELL"
"USD","AUD.USD","20260318","-0.7","0.70334","0","SELL"
"USD","AUD.USD","20260318","-69.65","0.70339","0","SELL"
"USD","AUD.USD","20260318","-0.00278557","0.70215849","0","SELL"
"USD","AUD.USD","20260318","-0.00309841","0.70215389","0","SELL"
"USD","AUD.USD","20260319","-0.13","0.70518","0","SELL"
"USD","AUD.USD","20260319","-14.17","0.70516","0","SELL"
"USD","AUD.USD","20260319","0.01087852","0.70898407","0","BUY"
"USD","AUD.USD","20260319","-0.01153119","0.70856929","0","SELL"
"USD","AUD.USD","20260320","-0.39","0.70089","0","SELL"
"USD","AUD.USD","20260320","-39.95","0.70085","0","SELL"
"USD","AUD.USD","20260320","0.00489074","0.70248472","0","BUY"
"USD","AUD.USD","20260320","-0.00941186","0.70210547","0","SELL"
"USD","AUD.USD","20260324","-108.65","0.6966","0","SELL"
"USD","AUD.USD","20260324","-27.49","0.69665","0","SELL"
"USD","AUD.USD","20260324","5.84452508","0.69991817","0","BUY"
"USD","AUD.USD","20260324","-5.85365976","0.69948922","0","SELL"
"USD","AUD.USD","20260325","-7","0.69524","0","SELL"
"USD","AUD.USD","20260325","-0.3","0.69524","0","SELL"
"USD","AUD.USD","20260325","-107.99","0.69444","0","SELL"
"USD","AUD.USD","20260325","-1.08","0.69445","0","SELL"
"USD","AUD.USD","20260325","-0.00422305","0.69453871","0","SELL"
"USD","AUD.USD","20260325","-0.00720116","0.69454584","0","SELL"
"USD","AUD.USD","20260326","-0.59","0.68937","0","SELL"
"USD","AUD.USD","20260326","-59.43","0.68936","0","SELL"
"USD","AUD.USD","20260326","-50.77","0.68896","0","SELL"
"USD","AUD.USD","20260326","-0.51","0.68897","0","SELL"
"USD","AUD.USD","20260326","-0.15","0.68812","0","SELL"
"USD","AUD.USD","20260326","-14.49","0.68811","0","SELL"
"USD","AUD.USD","20260326","-0.01510828","0.68847813","0","SELL"
"USD","AUD.USD","20260326","0.00295864","0.6888996","0","BUY"
"USD","AUD.USD","20260327","-17.44","0.68655","0","SELL"
"USD","AUD.USD","20260327","-0.00737458","0.68715535","0","SELL"
"USD","AUD.USD","20260330","-4.66","0.6854","0","SELL"
"USD","AUD.USD","20260330","-2","0.68454","0","SELL"
"USD","AUD.USD","20260330","-0.89","0.68453","0","SELL"
"USD","AUD.USD","20260330","-0.00618227","0.68507202","0","SELL"
"USD","AUD.USD","20260330","-0.00755607","0.68507961","0","SELL"
"USD","AUD.USD","20260331","-0.27","0.68865","0","SELL"
"USD","AUD.USD","20260331","-27.58","0.68865","0","SELL"
"USD","AUD.USD","20260331","-1.17","0.6896","0","SELL"
"USD","AUD.USD","20260331","-115.95","0.68959","0","SELL"
"USD","AUD.USD","20260331","-0.02","0.68959","0","SELL"
"USD","AUD.USD","20260331","-0.00183656","0.68984981","0","SELL"
"USD","AUD.USD","20260331","0.00450206","0.69027067","0","BUY"
"USD","AUD.USD","20260401","-0.83","0.69198","0","SELL"
"USD","AUD.USD","20260401","-109.45","0.69198","0","SELL"
"USD","AUD.USD","20260401","-0.0100136","0.69270901","0","SELL"
"USD","AUD.USD","20260402","-0.18","0.68814","0","SELL"
"USD","AUD.USD","20260402","-0.06","0.68809","0","SELL"
"USD","AUD.USD","20260402","-63.9","0.68809","0","SELL"
"USD","AUD.USD","20260402","-6.96","0.68844","0","SELL"
"USD","AUD.USD","20260402","-0.15","0.69031","0","SELL"
"USD","AUD.USD","20260402","-14.48","0.6903","0","SELL"
"USD","AUD.USD","20260402","-0.00578637","0.69091721","0","SELL"
"USD","AUD.USD","20260402","0.00878511","0.69131945","0","BUY"
"USD","AUD.USD","20260406","-0.4","0.69166","0","SELL"
"USD","AUD.USD","20260406","-40.47","0.6917","0","SELL"
"USD","AUD.USD","20260406","-0.00465496","0.6916619","0","SELL"
"USD","AUD.USD","20260406","0.00683937","0.69206729","0","BUY"
"USD","AUD.USD","20260407","-0.26","0.69546","0","SELL"
"USD","AUD.USD","20260407","-27.32","0.69545","0","SELL"
"USD","AUD.USD","20260407","-1.16","0.69641","0","SELL"
"USD","AUD.USD","20260407","-114.84","0.6964","0","SELL"
"USD","AUD.USD","20260407","-0.02","0.69625","0","SELL"
"USD","AUD.USD","20260407","-0.00172628","0.69745033","0","SELL"
"USD","AUD.USD","20260407","0.00326044","0.69785911","0","BUY"
"USD","AUD.USD","20260408","-106.42","0.70464","0","SELL"
"USD","AUD.USD","20260408","-1.06","0.7037","0","SELL"
"USD","AUD.USD","20260408","-0.02","0.70464","0","SELL"
"USD","AUD.USD","20260408","0.01111113","0.70458264","0","BUY"
"USD","AUD.USD","20260408","-0.00570675","0.70417135","0","SELL"
"USD","AUD.USD","20260409","-0.58","0.70748","0","SELL"
"USD","AUD.USD","20260409","-57.9","0.70747","0","SELL"
"USD","AUD.USD","20260409","-0.13","0.70798","0","SELL"
"USD","AUD.USD","20260409","-14.11","0.70797","0","SELL"
"USD","AUD.USD","20260409","-0.5","0.70733","0","SELL"
"USD","AUD.USD","20260409","-49.38","0.70832","0","SELL"
"USD","AUD.USD","20260409","-0.00619246","0.70818431","0","SELL"
"USD","AUD.USD","20260409","-0.00464725","0.70819659","0","SELL"
"USD","AUD.USD","20260410","-0.23","0.70758","0","SELL"
"USD","AUD.USD","20260410","-24","0.70754","0","SELL"
"USD","AUD.USD","20260410","-0.00999878","0.70603429","0","SELL"
"USD","AUD.USD","20260414","-26.64","0.71264","0","SELL"
"USD","AUD.USD","20260414","-0.26","0.71265","0","SELL"
"USD","AUD.USD","20260414","-0.00091686","0.71246694","0","SELL"
"USD","AUD.USD","20260414","-0.0054638","0.71247768","0","SELL"
"USD","AUD.USD","20260415","-1.04","0.7171","0","SELL"
"USD","AUD.USD","20260415","-104.58","0.71709","0","SELL"
"USD","AUD.USD","20260415","-0.69","0.71715","0","SELL"
"USD","AUD.USD","20260415","-68.33","0.71714","0","SELL"
"USD","AUD.USD","20260415","-1.12","0.7173","0","SELL"
"USD","AUD.USD","20260415","-111.5","0.71729","0","SELL"
"USD","AUD.USD","20260415","-0.02","0.71729","0","SELL"
"USD","AUD.USD","20260415","-0.00092618","0.71683472","0","SELL"
"USD","AUD.USD","20260415","0.00573082","0.71727479","0","BUY"
"USD","AUD.USD","20260416","-0.13","0.71597","0","SELL"
"USD","AUD.USD","20260416","-13.94","0.71596","0","SELL"
"USD","AUD.USD","20260416","-0.00935092","0.71603707","0","SELL"
"USD","AUD.USD","20260416","0.00462257","0.71645633","0","BUY"
"USD","AUD.USD","20260417","-38.96","0.71789","0","SELL"
"USD","AUD.USD","20260417","-0.38","0.71791","0","SELL"
"USD","AUD.USD","20260417","-0.00957207","0.71662017","0","SELL"
"USD","AUD.USD","20260417","0.00343134","0.71702385","0","BUY"
"USD","AUD.USD","20260421","-26.53","0.71519","0","SELL"
"USD","AUD.USD","20260421","-0.26","0.71521","0","SELL"
"USD","AUD.USD","20260421","-1.13","0.71546","0","SELL"
"USD","AUD.USD","20260421","-111.76","0.71554","0","SELL"
"USD","AUD.USD","20260421","-0.00983667","0.71519809","0","SELL"
"USD","AUD.USD","20260421","0.00688424","0.71564005","0","BUY"
"USD","AUD.USD","20260422","-1.04","0.7156","0","SELL"
"USD","AUD.USD","20260422","-104.8","0.71559","0","SELL"
"USD","AUD.USD","20260422","-0.00394082","0.71585613","0","SELL"
"USD","AUD.USD","20260422","-0.00802178","0.71586707","0","SELL"
"USD","AUD.USD","20260423","-0.58","0.71163","0","SELL"
"USD","AUD.USD","20260423","-57.56","0.71162","0","SELL"
"USD","AUD.USD","20260423","-0.13","0.71423","0","SELL"
"USD","AUD.USD","20260423","-13.98","0.71422","0","SELL"
"USD","AUD.USD","20260423","-49.08","0.71292","0","SELL"
"USD","AUD.USD","20260423","-0.5","0.71293","0","SELL"
"USD","AUD.USD","20260423","-0.01275867","0.7126656","0","SELL"
"USD","AUD.USD","20260423","0.0036626","0.7131032","0","BUY"
"USD","AUD.USD","20260424","-0.23","0.71477","0","SELL"
"USD","AUD.USD","20260424","-23.76","0.71475","0","SELL"
"USD","AUD.USD","20260424","-0.00758287","0.71475668","0","SELL"
"USD","AUD.USD","20260428","-0.26","0.71795","0","SELL"
"USD","AUD.USD","20260428","-26.47","0.71794","0","SELL"
"USD","AUD.USD","20260428","-111.4","0.71769","0","SELL"
"USD","AUD.USD","20260428","-1.13","0.7177","0","SELL"
"USD","AUD.USD","20260428","-0.02","0.71769","0","SELL"
"USD","AUD.USD","20260428","0.01204933","0.71842205","0","BUY"
"USD","AUD.USD","20260428","-0.01143879","0.71798283","0","SELL"
"USD","AUD.USD","20260429","-0.68","0.71145","0","SELL"
"USD","AUD.USD","20260429","-68.84","0.71144","0","SELL"
"USD","AUD.USD","20260429","-0.02","0.71144","0","SELL"
"USD","AUD.USD","20260429","-1.06","0.7113","0","SELL"
"USD","AUD.USD","20260429","-105.42","0.71129","0","SELL"
"USD","AUD.USD","20260429","-0.00284067","0.71139363","0","SELL"
"USD","AUD.USD","20260429","-0.0063721","0.71138508","0","SELL"
"USD","AUD.USD","20260430","-0.13","0.71972","0","SELL"
"USD","AUD.USD","20260430","-13.87","0.71971","0","SELL"
"USD","AUD.USD","20260430","0.01159974","0.7203659","0","BUY"
"USD","AUD.USD","20260430","-0.0085793","0.71994377","0","SELL"
"USD","AUD.USD","20260501","-0.38","0.72062","0","SELL"
"USD","AUD.USD","20260501","-38.85","0.72059","0","SELL"
"USD","AUD.USD","20260501","-0.00834898","0.72016974","0","SELL"
"USD","AUD.USD","20260501","0.01403544","0.72056757","0","BUY"
"USD","AUD.USD","20260505","-26.44","0.71839","0","SELL"
"USD","AUD.USD","20260505","-0.26","0.7184","0","SELL"
"USD","AUD.USD","20260505","-1.13","0.71795","0","SELL"
"USD","AUD.USD","20260505","-111.39","0.71794","0","SELL"
"USD","AUD.USD","20260505","0.01158631","0.71853791","0","BUY"
"USD","AUD.USD","20260505","-0.01195097","0.71809571","0","SELL"
"USD","AUD.USD","20260506","-1.03","0.7236","0","SELL"
"USD","AUD.USD","20260506","-103.63","0.72359","0","SELL"
"USD","AUD.USD","20260506","-0.02","0.72359","0","SELL"
"USD","AUD.USD","20260506","-0.00638826","0.72353566","0","SELL"
"USD","AUD.USD","20260506","0.01015786","0.72395852","0","BUY"
"USD","AUD.USD","20260507","-56.61","0.72352","0","SELL"
"USD","AUD.USD","20260507","-0.57","0.72354","0","SELL"
"USD","AUD.USD","20260507","-0.48","0.72314","0","SELL"
"USD","AUD.USD","20260507","-48.4","0.72312","0","SELL"
"USD","AUD.USD","20260507","-0.15","0.72289","0","SELL"
"USD","AUD.USD","20260507","-13.82","0.72287","0","SELL"
"USD","AUD.USD","20260507","-0.01708389","0.72052019","0","SELL"
"USD","AUD.USD","20260507","0.01159447","0.72096812","0","BUY"
"USD","AUD.USD","20260508","-0.23","0.72404","0","SELL"
"USD","AUD.USD","20260508","-23.47","0.72399","0","SELL"
"USD","AUD.USD","20260508","-0.0014897","0.72447775","0","SELL"
"USD","AUD.USD","20260508","-0.00469582","0.72452321","0","SELL"
"USD","AUD.USD","20260512","-0.25","0.72365","0","SELL"
"USD","AUD.USD","20260512","-26.25","0.72364","0","SELL"
"USD","AUD.USD","20260512","-1.12","0.72375","0","SELL"
"USD","AUD.USD","20260512","-110.48","0.72374","0","SELL"
"USD","AUD.USD","20260512","-0.02","0.72374","0","SELL"
"USD","AUD.USD","20260512","0.00254793","0.72426187","0","BUY"
"USD","AUD.USD","20260512","0.00301674","0.72424954","0","BUY"
"USD","AUD.USD","20260514","-0.66","0.72201","0","SELL"
"USD","AUD.USD","20260514","0.008834","0.72228755","0","BUY"
"USD","AUD.USD","20260515","-13.44","0.71412","0","SELL"
"USD","AUD.USD","20260515","-0.02","0.71415","0","SELL"
"USD","AUD.USD","20260515","-0.4","0.71497","0","SELL"
"USD","AUD.USD","20260515","-39.14","0.71494","0","SELL"
"USD","AUD.USD","20260515","-68.52","0.71474","0","SELL"
"USD","AUD.USD","20260515","-0.69","0.71477","0","SELL"
"USD","AUD.USD","20260515","-104.92","0.71479","0","SELL"
"USD","AUD.USD","20260515","-0.02","0.71479","0","SELL"
"USD","AUD.USD","20260515","-1.05","0.71482","0","SELL"
"USD","AUD.USD","20260515","0.00195241","0.7150048","0","BUY"
